url,title
https://fastimgtool.com,Fast Image Tools – Free Online Image Editor & Converter
https://fastimgtool.com/,Fast Image Tools – Free Online Image Editor & Converter
https://fastimgtool.com/tools/,All Image Tools – Fast Image Tools
https://fastimgtool.com/guides/,All Guides – Fast Image Tools
https://fastimgtool.com/blog/,Blog – Fast Image Tools
https://fastimgtool.com/about.html,About Us – Fast Image Tools
https://fastimgtool.com/contact.html,Contact Us – Fast Image Tools
https://fastimgtool.com/community.html,Community – Fast Image Tools
https://fastimgtool.com/tools/image-compressor/,Fast Image Compressor
https://fastimgtool.com/tools/image-resizer/,Image Resizer Online
https://fastimgtool.com/tools/jpg-to-png/,Convert JPG to PNG
https://fastimgtool.com/tools/png-to-jpg/,PNG to JPG Converter
https://fastimgtool.com/tools/webp-to-jpg/,WEBP to JPG Converter
https://fastimgtool.com/tools/test-tool/,Test Tool
https://fastimgtool.com/tools/image-blur/,Image Blur
https://fastimgtool.com/tools/image-sharpen/,Image Sharpen
https://fastimgtool.com/tools/image-grayscale/,Image Grayscale
https://fastimgtool.com/tools/flip-image/,Flip Image
https://fastimgtool.com/tools/image-crop/,Image Crop
https://fastimgtool.com/tools/rotate-image/,Rotate Image
https://fastimgtool.com/tools/image-to-webp/,Image to WebP
https://fastimgtool.com/tools/heic-to-jpg/,HEIC to JPG
https://fastimgtool.com/tools/image-to-base64/,Image to Base64
https://fastimgtool.com/tools/base64-to-image/,Base64 to Image
https://fastimgtool.com/tools/png-to-webp/,PNG to WebP
https://fastimgtool.com/tools/gif-to-png/,GIF to PNG
https://fastimgtool.com/tools/bmp-to-jpg/,BMP to JPG
https://fastimgtool.com/tools/tiff-to-jpg/,TIFF to JPG
https://fastimgtool.com/tools/image-brightness/,Image Brightness
https://fastimgtool.com/tools/image-contrast/,Image Contrast
https://fastimgtool.com/tools/image-saturation/,Image Saturation
https://fastimgtool.com/tools/image-invert/,Image Invert
https://fastimgtool.com/tools/image-sepia/,Image Sepia
https://fastimgtool.com/guides/how-to-resize-image-online.html,How to Resize an Image Online – Free & Private Tool
https://fastimgtool.com/guides/resize-image-for-instagram.html,Resize Image for Instagram – Perfect Post & Story Dimensions
https://fastimgtool.com/guides/how-to-compress-image-online.html,How to Compress an Image Online – Reduce File Size Free
https://fastimgtool.com/guides/compress-image-for-email.html,Compress Image for Email – Stay Under Attachment Limits
https://fastimgtool.com/guides/how-to-convert-jpg-to-png.html,How to Convert JPG to PNG Online – Free & Private
https://fastimgtool.com/guides/how-to-convert-image-to-grayscale.html,How to Convert an Image to Grayscale Online
https://fastimgtool.com/guides/how-to-blur-image-online.html,How to Blur an Image Online – Free & Private
https://fastimgtool.com/guides/how-to-sharpen-image-online.html,How to Sharpen an Image Online – Free & Private
https://fastimgtool.com/guides/png-to-jpg-guide-2.html,PNG to JPG Converter – PNG to JPG
https://fastimgtool.com/guides/flip-image-for-design.html,Flip Image for Design – Create Symmetry
https://fastimgtool.com/guides/image-brightness-guide-4.html,Image Brightness – Invert
https://fastimgtool.com/guides/flip-image-guide-1.html,Flip Image – Blur
https://fastimgtool.com/guides/image-sharpen-guide-3.html,Image Sharpen – Grayscale
https://fastimgtool.com/blog/first-post.html,How to Optimize Images for Web
https://fastimgtool.com/privacy.html,Privacy Policy – Fast Image Tools
https://fastimgtool.com/terms.html,Terms & Conditions – Fast Image Tools
https://fastimgtool.com/guides/rotate-image-counterclockwise.html,Rotate Image Counterclockwise – 90° Left
https://fastimgtool.com/guides/image-compressor-guide-5.html,Fast Image Compressor – Best Settings
https://fastimgtool.com/guides/image-resizer-guide-5.html,Image Resizer Online – Without Losing Quality
https://fastimgtool.com/guides/test-tool-guide-5.html,Test Tool – FAQ
https://fastimgtool.com/guides/image-blur-guide-1.html,Image Blur – Blur
https://fastimgtool.com/guides/rotate-image-for-social-media.html,Rotate Image for Social Media – Get the Right Orientation
https://fastimgtool.com/guides/test-tool-guide-3.html,Test Tool – Common Mistakes
https://fastimgtool.com/guides/resize-image-for-youtube-thumbnail.html,Resize Image for YouTube Thumbnail – Best Size (1280x720)
https://fastimgtool.com/guides/resize-image-for-facebook-cover.html,Resize Image for Facebook Cover – Exact Dimensions (851x315)
https://fastimgtool.com/guides/resize-image-for-email.html,Resize Image for Email – Reduce Attachment Size
https://fastimgtool.com/guides/compress-image-for-whatsapp.html,Compress Image for WhatsApp – Send Photos Faster
https://fastimgtool.com/guides/compress-image-for-website.html,Compress Image for Website – Improve Page Speed
https://fastimgtool.com/guides/compress-image-without-losing-quality.html,Compress Image Without Losing Quality – Best Settings
https://fastimgtool.com/guides/convert-jpg-to-png-with-transparency.html,Convert JPG to PNG with Transparency – Add Alpha Channel
https://fastimgtool.com/guides/convert-jpg-to-png-for-web.html,Convert JPG to PNG for Web – When to Use PNG
https://fastimgtool.com/guides/convert-jpg-to-png-for-printing.html,Convert JPG to PNG for Printing – Preserve Quality
https://fastimgtool.com/guides/batch-convert-jpg-to-png.html,Batch Convert JPG to PNG – Multiple Images at Once
https://fastimgtool.com/guides/how-to-convert-png-to-jpg.html,How to Convert PNG to JPG Online – Free & Fast
https://fastimgtool.com/guides/convert-png-to-jpg-with-white-background.html,Convert PNG to JPG with White Background – Handle Transparency
https://fastimgtool.com/guides/convert-png-to-jpg-for-email.html,Convert PNG to JPG for Email – Reduce Attachment Size
https://fastimgtool.com/guides/convert-png-to-jpg-for-website.html,Convert PNG to JPG for Website – Speed Up Loading
https://fastimgtool.com/guides/batch-convert-png-to-jpg.html,Batch Convert PNG to JPG – Multiple Images at Once
https://fastimgtool.com/guides/how-to-convert-webp-to-jpg.html,How to Convert WEBP to JPG Online – Free & Private
https://fastimgtool.com/guides/webp-vs-jpg-which-is-better.html,WEBP vs JPG: Which Format Is Better?
https://fastimgtool.com/guides/convert-webp-to-jpg-for-wordpress.html,Convert WEBP to JPG for WordPress
https://fastimgtool.com/guides/convert-webp-to-jpg-for-email.html,Convert WEBP to JPG for Email
https://fastimgtool.com/guides/batch-convert-webp-to-jpg.html,Batch Convert WEBP to JPG – Multiple Images at Once
https://fastimgtool.com/guides/blur-image-background.html,Blur Image Background – Make Subject Stand Out
https://fastimgtool.com/guides/blur-face-in-image.html,Blur Face in Image – Protect Privacy – Fast Image Tools
https://fastimgtool.com/guides/gaussian-blur-vs-motion-blur.html,Gaussian Blur vs Motion Blur: What's the Difference?
https://fastimgtool.com/guides/blur-image-for-privacy.html,Blur Image for Privacy – Hide Sensitive Information
https://fastimgtool.com/guides/sharpen-blurry-photos.html,Sharpen Blurry Photos – Bring Them Back to Life
https://fastimgtool.com/guides/sharpen-image-for-print.html,Sharpen Image for Print – Get Crisp Results
https://fastimgtool.com/guides/unsharp-mask-explained.html,Unsharp Mask Explained – How Sharpening Works
https://fastimgtool.com/guides/sharpen-image-for-social-media.html,Sharpen Image for Social Media – Make Your Posts Pop
https://fastimgtool.com/guides/convert-image-to-black-and-white.html,Convert Image to Black and White – Free Online Tool
https://fastimgtool.com/guides/why-use-grayscale-images.html,Why Use Grayscale Images? Benefits & Creative Uses
https://fastimgtool.com/guides/grayscale-vs-sepia.html,Grayscale vs Sepia: What's the Difference?
https://fastimgtool.com/guides/convert-photo-to-black-and-white.html,Convert Photo to Black and White – Free Online Converter
https://fastimgtool.com/guides/how-to-flip-image-online.html,How to Flip an Image Online – Horizontal or Vertical
https://fastimgtool.com/guides/flip-image-horizontally.html,Flip Image Horizontally – Create Mirror Image
https://fastimgtool.com/guides/flip-image-vertically.html,Flip Image Vertically – Turn Upside Down
https://fastimgtool.com/guides/flip-vs-rotate.html,Flip vs Rotate: What's the Difference?
https://fastimgtool.com/guides/how-to-rotate-image-online.html,"How to Rotate an Image Online – 90°, 180°, 270°"
https://fastimgtool.com/guides/rotate-image-90-degrees.html,Rotate Image 90 Degrees Clockwise
https://fastimgtool.com/guides/rotate-image-180-degrees.html,Rotate Image 180 Degrees – Turn Upside Down
https://fastimgtool.com/guides/how-to-crop-image-online.html,How to Crop an Image Online – Free & Private
https://fastimgtool.com/guides/crop-image-to-square.html,Crop Image to Square – Perfect for Social Media
https://fastimgtool.com/guides/crop-image-for-passport.html,Crop Image for Passport – Get the Right Size
https://fastimgtool.com/guides/crop-image-aspect-ratio.html,"Crop Image to Aspect Ratio (16:9, 4:3, 1:1)"
https://fastimgtool.com/guides/crop-image-for-website.html,Crop Image for Website – Fit Your Design
https://fastimgtool.com/guides/image-compressor-guide-1.html,Fast Image Compressor – for Email
https://fastimgtool.com/guides/image-compressor-guide-2.html,Fast Image Compressor – for WhatsApp
https://fastimgtool.com/guides/image-compressor-guide-3.html,Fast Image Compressor – for Website
https://fastimgtool.com/guides/image-compressor-guide-4.html,Fast Image Compressor – Without Losing Quality
https://fastimgtool.com/guides/image-resizer-guide-1.html,Image Resizer Online – for Instagram
https://fastimgtool.com/guides/image-resizer-guide-2.html,Image Resizer Online – for Facebook Cover
https://fastimgtool.com/guides/image-resizer-guide-3.html,Image Resizer Online – for YouTube Thumbnail
https://fastimgtool.com/guides/image-resizer-guide-4.html,Image Resizer Online – for Email
https://fastimgtool.com/guides/jpg-to-png-guide-1.html,Convert JPG to PNG – JPG to PNG
https://fastimgtool.com/guides/jpg-to-png-guide-2.html,Convert JPG to PNG – PNG to JPG
https://fastimgtool.com/guides/jpg-to-png-guide-3.html,Convert JPG to PNG – WEBP to JPG
https://fastimgtool.com/guides/jpg-to-png-guide-4.html,Convert JPG to PNG – HEIC to JPG
https://fastimgtool.com/guides/jpg-to-png-guide-5.html,Convert JPG to PNG – Image to Base64
https://fastimgtool.com/guides/png-to-jpg-guide-1.html,PNG to JPG Converter – JPG to PNG
https://fastimgtool.com/guides/png-to-jpg-guide-3.html,PNG to JPG Converter – WEBP to JPG
https://fastimgtool.com/guides/png-to-jpg-guide-4.html,PNG to JPG Converter – HEIC to JPG
https://fastimgtool.com/guides/png-to-jpg-guide-5.html,PNG to JPG Converter – Image to Base64
https://fastimgtool.com/guides/webp-to-jpg-guide-1.html,WEBP to JPG Converter – JPG to PNG
https://fastimgtool.com/guides/webp-to-jpg-guide-2.html,WEBP to JPG Converter – PNG to JPG
https://fastimgtool.com/guides/webp-to-jpg-guide-3.html,WEBP to JPG Converter – WEBP to JPG
https://fastimgtool.com/guides/webp-to-jpg-guide-4.html,WEBP to JPG Converter – HEIC to JPG
https://fastimgtool.com/guides/webp-to-jpg-guide-5.html,WEBP to JPG Converter – Image to Base64
https://fastimgtool.com/guides/test-tool-guide-1.html,Test Tool – How to Use
https://fastimgtool.com/guides/test-tool-guide-2.html,Test Tool – Tips and Tricks
https://fastimgtool.com/guides/test-tool-guide-4.html,Test Tool – Best Practices
https://fastimgtool.com/guides/image-blur-guide-2.html,Image Blur – Sharpen
https://fastimgtool.com/guides/image-blur-guide-3.html,Image Blur – Grayscale
https://fastimgtool.com/guides/image-blur-guide-4.html,Image Blur – Invert
https://fastimgtool.com/guides/image-blur-guide-5.html,Image Blur – Sepia
https://fastimgtool.com/guides/image-sharpen-guide-1.html,Image Sharpen – Blur
https://fastimgtool.com/guides/image-sharpen-guide-2.html,Image Sharpen – Sharpen
https://fastimgtool.com/guides/image-sharpen-guide-4.html,Image Sharpen – Invert
https://fastimgtool.com/guides/image-sharpen-guide-5.html,Image Sharpen – Sepia
https://fastimgtool.com/guides/image-grayscale-guide-1.html,Image Grayscale – Blur
https://fastimgtool.com/guides/image-grayscale-guide-2.html,Image Grayscale – Sharpen
https://fastimgtool.com/guides/image-grayscale-guide-3.html,Image Grayscale – Grayscale
https://fastimgtool.com/guides/image-grayscale-guide-4.html,Image Grayscale – Invert
https://fastimgtool.com/guides/image-grayscale-guide-5.html,Image Grayscale – Sepia
https://fastimgtool.com/guides/flip-image-guide-2.html,Flip Image – Sharpen
https://fastimgtool.com/guides/flip-image-guide-3.html,Flip Image – Grayscale
https://fastimgtool.com/guides/flip-image-guide-4.html,Flip Image – Invert
https://fastimgtool.com/guides/flip-image-guide-5.html,Flip Image – Sepia
https://fastimgtool.com/guides/image-crop-guide-1.html,Image Crop – Crop
https://fastimgtool.com/guides/image-crop-guide-2.html,Image Crop – Rotate
https://fastimgtool.com/guides/image-crop-guide-3.html,Image Crop – Flip Horizontal
https://fastimgtool.com/guides/image-crop-guide-4.html,Image Crop – Flip Vertical
https://fastimgtool.com/guides/image-crop-guide-5.html,Image Crop – Brightness
https://fastimgtool.com/guides/rotate-image-guide-1.html,Rotate Image – Crop
https://fastimgtool.com/guides/rotate-image-guide-2.html,Rotate Image – Rotate
https://fastimgtool.com/guides/rotate-image-guide-3.html,Rotate Image – Flip Horizontal
https://fastimgtool.com/guides/rotate-image-guide-4.html,Rotate Image – Flip Vertical
https://fastimgtool.com/guides/rotate-image-guide-5.html,Rotate Image – Brightness
https://fastimgtool.com/guides/image-to-webp-guide-1.html,Image to WebP – JPG to PNG
https://fastimgtool.com/guides/image-to-webp-guide-2.html,Image to WebP – PNG to JPG
https://fastimgtool.com/guides/image-to-webp-guide-3.html,Image to WebP – WEBP to JPG
https://fastimgtool.com/guides/image-to-webp-guide-4.html,Image to WebP – HEIC to JPG
https://fastimgtool.com/guides/image-to-webp-guide-5.html,Image to WebP – Image to Base64
https://fastimgtool.com/guides/heic-to-jpg-guide-1.html,HEIC to JPG – JPG to PNG
https://fastimgtool.com/guides/heic-to-jpg-guide-2.html,HEIC to JPG – PNG to JPG
https://fastimgtool.com/guides/heic-to-jpg-guide-3.html,HEIC to JPG – WEBP to JPG
https://fastimgtool.com/guides/heic-to-jpg-guide-4.html,HEIC to JPG – HEIC to JPG
https://fastimgtool.com/guides/heic-to-jpg-guide-5.html,HEIC to JPG – Image to Base64
https://fastimgtool.com/guides/image-to-base64-guide-1.html,Image to Base64 – JPG to PNG
https://fastimgtool.com/guides/image-to-base64-guide-2.html,Image to Base64 – PNG to JPG
https://fastimgtool.com/guides/image-to-base64-guide-3.html,Image to Base64 – WEBP to JPG
https://fastimgtool.com/guides/image-to-base64-guide-4.html,Image to Base64 – HEIC to JPG
https://fastimgtool.com/guides/image-to-base64-guide-5.html,Image to Base64 – Image to Base64
https://fastimgtool.com/guides/base64-to-image-guide-1.html,Base64 to Image – JPG to PNG
https://fastimgtool.com/guides/base64-to-image-guide-2.html,Base64 to Image – PNG to JPG
https://fastimgtool.com/guides/base64-to-image-guide-3.html,Base64 to Image – WEBP to JPG
https://fastimgtool.com/guides/base64-to-image-guide-4.html,Base64 to Image – HEIC to JPG
https://fastimgtool.com/guides/base64-to-image-guide-5.html,Base64 to Image – Image to Base64
https://fastimgtool.com/guides/png-to-webp-guide-1.html,PNG to WebP – JPG to PNG
https://fastimgtool.com/guides/png-to-webp-guide-2.html,PNG to WebP – PNG to JPG
https://fastimgtool.com/guides/png-to-webp-guide-3.html,PNG to WebP – WEBP to JPG
https://fastimgtool.com/guides/png-to-webp-guide-4.html,PNG to WebP – HEIC to JPG
https://fastimgtool.com/guides/png-to-webp-guide-5.html,PNG to WebP – Image to Base64
https://fastimgtool.com/guides/gif-to-png-guide-1.html,GIF to PNG – JPG to PNG
https://fastimgtool.com/guides/gif-to-png-guide-2.html,GIF to PNG – PNG to JPG
https://fastimgtool.com/guides/gif-to-png-guide-3.html,GIF to PNG – WEBP to JPG
https://fastimgtool.com/guides/gif-to-png-guide-4.html,GIF to PNG – HEIC to JPG
https://fastimgtool.com/guides/gif-to-png-guide-5.html,GIF to PNG – Image to Base64
https://fastimgtool.com/guides/bmp-to-jpg-guide-1.html,BMP to JPG – JPG to PNG
https://fastimgtool.com/guides/bmp-to-jpg-guide-2.html,BMP to JPG – PNG to JPG
https://fastimgtool.com/guides/bmp-to-jpg-guide-3.html,BMP to JPG – WEBP to JPG
https://fastimgtool.com/guides/bmp-to-jpg-guide-4.html,BMP to JPG – HEIC to JPG
https://fastimgtool.com/guides/bmp-to-jpg-guide-5.html,BMP to JPG – Image to Base64
https://fastimgtool.com/guides/tiff-to-jpg-guide-1.html,TIFF to JPG – JPG to PNG
https://fastimgtool.com/guides/tiff-to-jpg-guide-2.html,TIFF to JPG – PNG to JPG
https://fastimgtool.com/guides/tiff-to-jpg-guide-3.html,TIFF to JPG – WEBP to JPG
https://fastimgtool.com/guides/tiff-to-jpg-guide-4.html,TIFF to JPG – HEIC to JPG
https://fastimgtool.com/guides/tiff-to-jpg-guide-5.html,TIFF to JPG – Image to Base64
https://fastimgtool.com/guides/image-brightness-guide-1.html,Image Brightness – Blur
https://fastimgtool.com/guides/image-brightness-guide-2.html,Image Brightness – Sharpen
https://fastimgtool.com/guides/image-brightness-guide-3.html,Image Brightness – Grayscale
https://fastimgtool.com/guides/image-brightness-guide-5.html,Image Brightness – Sepia
https://fastimgtool.com/guides/image-contrast-guide-1.html,Image Contrast – Blur
https://fastimgtool.com/guides/image-contrast-guide-2.html,Image Contrast – Sharpen
https://fastimgtool.com/guides/image-contrast-guide-3.html,Image Contrast – Grayscale
https://fastimgtool.com/guides/image-contrast-guide-4.html,Image Contrast – Invert
https://fastimgtool.com/guides/image-contrast-guide-5.html,Image Contrast – Sepia
https://fastimgtool.com/guides/image-saturation-guide-1.html,Image Saturation – Blur
https://fastimgtool.com/guides/image-saturation-guide-2.html,Image Saturation – Sharpen
https://fastimgtool.com/guides/image-saturation-guide-3.html,Image Saturation – Grayscale
https://fastimgtool.com/guides/image-saturation-guide-4.html,Image Saturation – Invert
https://fastimgtool.com/guides/image-saturation-guide-5.html,Image Saturation – Sepia
https://fastimgtool.com/guides/image-invert-guide-1.html,Image Invert – Blur
https://fastimgtool.com/guides/image-invert-guide-2.html,Image Invert – Sharpen
https://fastimgtool.com/guides/image-invert-guide-3.html,Image Invert – Grayscale
https://fastimgtool.com/guides/image-invert-guide-4.html,Image Invert – Invert
https://fastimgtool.com/guides/image-invert-guide-5.html,Image Invert – Sepia
https://fastimgtool.com/guides/image-sepia-guide-1.html,Image Sepia – Blur
https://fastimgtool.com/guides/image-sepia-guide-2.html,Image Sepia – Sharpen
https://fastimgtool.com/guides/image-sepia-guide-3.html,Image Sepia – Grayscale
https://fastimgtool.com/guides/image-sepia-guide-4.html,Image Sepia – Invert
https://fastimgtool.com/guides/image-sepia-guide-5.html,Image Sepia – Sepia
https://fastimgtool.com/blog/image-file-formats-explained.html,"Image File Formats Explained: JPG, PNG, WEBP, and More"
https://fastimgtool.com/blog/how-to-resize-images-for-social-media.html,How to Resize Images for Social Media (2026 Guide)
https://fastimgtool.com/blog/batch-image-processing-tips.html,Batch Image Processing: Save Time with These Tips
https://fastimgtool.com/blog/image-seo-guide.html,The Ultimate Guide to Image SEO for Higher Rankings
https://fastimgtool.com/blog/how-to-compress-images-for-email.html,How to Compress Images for Email (Stay Under Attachment Limits)
https://fastimgtool.com/blog/webp-vs-jpg-vs-png.html,WEBP vs JPG vs PNG: Which Format Should You Use?
https://fastimgtool.com/blog/how-to-create-a-favicon.html,How to Create a Favicon for Your Website (Easy Steps)
https://fastimgtool.com/blog/image-compression-best-practices.html,Image Compression Best Practices for 2026
https://fastimgtool.com/blog/remove-background-from-image.html,How to Remove Background from an Image (Free Methods)
https://fastimgtool.com/community.html#,Community – Fast Image Tools
https://fastimgtool.com/guides/%7B%7Blink_url_1%7D%7D,Page not found · GitHub Pages
https://fastimgtool.com/guides/%7B%7Blink_url_2%7D%7D,Page not found · GitHub Pages
https://fastimgtool.com/guides/%7B%7Blink_url_3%7D%7D,Page not found · GitHub Pages
https://fastimgtool.com/guides/%7B%7Blink_url_4%7D%7D,Page not found · GitHub Pages
https://fastimgtool.com/blog/how-to-resize-images-for-social-media.html#,How to Resize Images for Social Media (2026 Guide)
https://fastimgtool.com/blog/how-to-compress-images-for-email.html#,How to Compress Images for Email (Stay Under Attachment Limits)
https://fastimgtool.com/blog/webp-vs-jpg-vs-png.html#,WEBP vs JPG vs PNG: Which Format Should You Use?
https://fastimgtool.com/blog/how-to-create-a-favicon.html#,How to Create a Favicon for Your Website (Easy Steps)
