Guide File,Pin Title,Pin Description,Image URL Placeholder,Link,Generated Image URL,Image Prompt
image-invert-guide-3.html,Master Grayscale: The Definitive Guide to B&W Images,"Transform your photos with the power of black & white! Our ultimate guide shows you why and exactly how to convert images to grayscale for stunning, emotive results. #grayscale #blackandwhitephotography #phototips #imageediting #photographyguide #creativeediting #tutorial",https://fastimgtool.com/og-image.png,https://fastimgtool.com/guides/image-invert-guide-3.html,https://image.pollinations.ai/prompt/Master%20Grayscale%3A%20The%20Definitive%20Guide%20to%20B%26W%20Images%20%E2%80%93%20Transform%20your%20photos%20with%20the%20power%20of%20black%20%26%20white%21%20Our%20ultimate%20guide%20shows%20you%20why%20and%20exactly?width=800&height=600,Master Grayscale: The Definitive Guide to B&W Images – Transform your photos with the power of black & white! Our ultimate guide shows you why and exactly
image-invert-guide-4.html,How to Invert Image Colors: A Complete Creative Guide,"Master color inversion to reveal hidden details & boost creativity! Our step-by-step guide shows you exactly how, using a free online tool. #graphicdesign #imagetips #colorinvert #photography #designhack #creativetips #editingtutorial",https://fastimgtool.com/og-image.png,https://fastimgtool.com/guides/image-invert-guide-4.html,https://image.pollinations.ai/prompt/How%20to%20Invert%20Image%20Colors%3A%20A%20Complete%20Creative%20Guide%20%E2%80%93%20Master%20color%20inversion%20to%20reveal%20hidden%20details%20%26%20boost%20creativity%21%20Our%20step-by-step%20guide%20shows%20you?width=800&height=600,How to Invert Image Colors: A Complete Creative Guide – Master color inversion to reveal hidden details & boost creativity! Our step-by-step guide shows you
image-invert-guide-5.html,How to Add Sepia Tone to Any Image,"Learn to add a classic, nostalgic sepia filter to your photos with our easy step-by-step guide. Perfect for creating vintage vibes and timeless art! #sepiatone #vintagephoto #phototips #photoediting #nostalgia #photography #freeedittool",https://fastimgtool.com/og-image.png,https://fastimgtool.com/guides/image-invert-guide-5.html,https://image.pollinations.ai/prompt/How%20to%20Add%20Sepia%20Tone%20to%20Any%20Image%20%E2%80%93%20Learn%20to%20add%20a%20classic%2C%20nostalgic%20sepia%20filter%20to%20your%20photos%20with%20our%20easy%20step-by-step%20guide.%20Perf?width=800&height=600,"How to Add Sepia Tone to Any Image – Learn to add a classic, nostalgic sepia filter to your photos with our easy step-by-step guide. Perf"
image-resizer-guide-1.html,The Ultimate Guide to Resizing Images for Instagram (2024),"Stop letting Instagram ruin your photos! Our step-by-step guide shows you the exact dimensions, tools, and pro tips to make your feed flawless. #InstagramTips #SocialMediaMarketing #ImageResizing #InstagramGuide #ContentCreation #DigitalMarketing #GraphicDesign",https://fastimgtool.com/og-image.png,https://fastimgtool.com/guides/image-resizer-guide-1.html,https://image.pollinations.ai/prompt/The%20Ultimate%20Guide%20to%20Resizing%20Images%20for%20Instagram%20%282024%29%20%E2%80%93%20Stop%20letting%20Instagram%20ruin%20your%20photos%21%20Our%20step-by-step%20guide%20shows%20you%20the%20exact%20dimensions%2C%20tool?width=800&height=600,"The Ultimate Guide to Resizing Images for Instagram (2024) – Stop letting Instagram ruin your photos! Our step-by-step guide shows you the exact dimensions, tool"
image-resizer-guide-2.html,How to Resize an Image for a Facebook Cover Photo,Don't let a pixelated or cropped cover photo hurt your profile! Our ultimate guide shows you the exact dimensions and how to resize for free. Get a professional look on desktop and mobile in minutes. #FacebookCoverPhoto #SocialMediaTips #GraphicDesign #FacebookMarketing #ResizeImage #DigitalMarketing #Branding,https://fastimgtool.com/og-image.png,https://fastimgtool.com/guides/image-resizer-guide-2.html,https://image.pollinations.ai/prompt/How%20to%20Resize%20an%20Image%20for%20a%20Facebook%20Cover%20Photo%20%E2%80%93%20Don%27t%20let%20a%20pixelated%20or%20cropped%20cover%20photo%20hurt%20your%20profile%21%20Our%20ultimate%20guide%20shows%20you%20the%20exa?width=800&height=600,How to Resize an Image for a Facebook Cover Photo – Don't let a pixelated or cropped cover photo hurt your profile! Our ultimate guide shows you the exa
image-resizer-guide-3.html,How to Resize a YouTube Thumbnail (Free Tool + Guide),Stop using blurry thumbnails! Our ultimate guide shows you the exact size needed and how to resize images perfectly for maximum clicks. #YouTubeTips #ThumbnailDesign #YouTubeGrowth #ContentCreator #DigitalMarketing #VideoMarketing #SocialMediaTips,https://fastimgtool.com/og-image.png,https://fastimgtool.com/guides/image-resizer-guide-3.html,https://image.pollinations.ai/prompt/How%20to%20Resize%20a%20YouTube%20Thumbnail%20%28Free%20Tool%20%2B%20Guide%29%20%E2%80%93%20Stop%20using%20blurry%20thumbnails%21%20Our%20ultimate%20guide%20shows%20you%20the%20exact%20size%20needed%20and%20how%20to%20resize%20i?width=800&height=600,How to Resize a YouTube Thumbnail (Free Tool + Guide) – Stop using blurry thumbnails! Our ultimate guide shows you the exact size needed and how to resize i
image-resizer-guide-4.html,How to Resize Images for Email (Fast & Easy 2024 Guide),Stop email bounce-backs! Our ultimate guide shows you the exact steps to resize images for perfect email delivery and quality. Save time and avoid frustration. #EmailMarketing #ProductivityTips #HowToGuide #ImageResizing #TechTips #DigitalMarketing #EmailAttachments,https://fastimgtool.com/og-image.png,https://fastimgtool.com/guides/image-resizer-guide-4.html,https://image.pollinations.ai/prompt/How%20to%20Resize%20Images%20for%20Email%20%28Fast%20%26%20Easy%202024%20Guide%29%20%E2%80%93%20Stop%20email%20bounce-backs%21%20Our%20ultimate%20guide%20shows%20you%20the%20exact%20steps%20to%20resize%20images%20for%20perfect%20e?width=800&height=600,How to Resize Images for Email (Fast & Easy 2024 Guide) – Stop email bounce-backs! Our ultimate guide shows you the exact steps to resize images for perfect e
image-resizer-guide-5.html,How to Resize an Image Without Losing Quality,"Stop pixelated photos! Our ultimate guide shows you the best tools and techniques to resize any image perfectly. Get crisp, clear results every time. #ImageResizing #PhotoEditingTips #GraphicDesign #DigitalMarketing #SocialMediaTips #HowToGuide #TechTips",https://fastimgtool.com/og-image.png,https://fastimgtool.com/guides/image-resizer-guide-5.html,https://image.pollinations.ai/prompt/How%20to%20Resize%20an%20Image%20Without%20Losing%20Quality%20%E2%80%93%20Stop%20pixelated%20photos%21%20Our%20ultimate%20guide%20shows%20you%20the%20best%20tools%20and%20techniques%20to%20resize%20any%20imag?width=800&height=600,How to Resize an Image Without Losing Quality – Stop pixelated photos! Our ultimate guide shows you the best tools and techniques to resize any imag
image-saturation-guide-1.html,How to Blur an Image: The Ultimate 2024 Guide,"Master blur effects for stunning photos & privacy! Our complete guide shows you why and how to blur backgrounds, hide info, and create pro edits. #ImageEditing #PhotoBlur #PhotoTips #DigitalArt #PrivacyTips #BlurEffect #Tutorial",https://fastimgtool.com/og-image.png,https://fastimgtool.com/guides/image-saturation-guide-1.html,https://image.pollinations.ai/prompt/How%20to%20Blur%20an%20Image%3A%20The%20Ultimate%202024%20Guide%20%E2%80%93%20Master%20blur%20effects%20for%20stunning%20photos%20%26%20privacy%21%20Our%20complete%20guide%20shows%20you%20why%20and%20how%20to%20blur?width=800&height=600,How to Blur an Image: The Ultimate 2024 Guide – Master blur effects for stunning photos & privacy! Our complete guide shows you why and how to blur
image-saturation-guide-2.html,How to Sharpen a Blurry Image Online for Free,Rescue soft photos fast! Our step-by-step guide shows you how to sharpen images online for crystal-clear results. #ImageSharpening #PhotoEditingTips #SharpenImage #FixBlurryPhotos #PhotoTutorial #ImageSaturation #DigitalPhotography,https://fastimgtool.com/og-image.png,https://fastimgtool.com/guides/image-saturation-guide-2.html,https://image.pollinations.ai/prompt/How%20to%20Sharpen%20a%20Blurry%20Image%20Online%20for%20Free%20%E2%80%93%20Rescue%20soft%20photos%20fast%21%20Our%20step-by-step%20guide%20shows%20you%20how%20to%20sharpen%20images%20online%20for%20crystal-c?width=800&height=600,How to Sharpen a Blurry Image Online for Free – Rescue soft photos fast! Our step-by-step guide shows you how to sharpen images online for crystal-c
image-saturation-guide-3.html,How to Convert an Image to Grayscale: A Simple Step-by-Step Guide,Learn the easy way to create stunning black & white photos. Our complete guide shows you why and how to master grayscale conversion for more dramatic images. #Grayscale #BlackAndWhite #PhotoEditing #ImageConverter #PhotographyTips #Tutorial #DigitalArt,https://fastimgtool.com/og-image.png,https://fastimgtool.com/guides/image-saturation-guide-3.html,https://image.pollinations.ai/prompt/How%20to%20Convert%20an%20Image%20to%20Grayscale%3A%20A%20Simple%20Step-by-Step%20Guide%20%E2%80%93%20Learn%20the%20easy%20way%20to%20create%20stunning%20black%20%26%20white%20photos.%20Our%20complete%20guide%20shows%20you%20why%20and%20how?width=800&height=600,How to Convert an Image to Grayscale: A Simple Step-by-Step Guide – Learn the easy way to create stunning black & white photos. Our complete guide shows you why and how
image-saturation-guide-4.html,How to Invert Image Colors for Stunning Visuals,Unlock a hidden world in your photos! Our step-by-step guide shows you how to invert colors to create surreal art and eye-catching content in one click. #InvertColors #PhotoEditing #DigitalArt #GraphicDesign #CreativeTips #FreeTool #VisualContent,https://fastimgtool.com/og-image.png,https://fastimgtool.com/guides/image-saturation-guide-4.html,https://image.pollinations.ai/prompt/How%20to%20Invert%20Image%20Colors%20for%20Stunning%20Visuals%20%E2%80%93%20Unlock%20a%20hidden%20world%20in%20your%20photos%21%20Our%20step-by-step%20guide%20shows%20you%20how%20to%20invert%20colors%20to%20creat?width=800&height=600,How to Invert Image Colors for Stunning Visuals – Unlock a hidden world in your photos! Our step-by-step guide shows you how to invert colors to creat
image-saturation-guide-5.html,"How to Add Sepia Tone to an Image: Easy, Timeless Effect","Learn to add a beautiful, nostalgic sepia tone to any photo in seconds with our free tool! Our complete guide makes this classic edit simple. #SepiaTone #VintagePhoto #PhotoEditing #Nostalgia #PhotoTips #DIYEdit #ImageSaturation",https://fastimgtool.com/og-image.png,https://fastimgtool.com/guides/image-saturation-guide-5.html,https://image.pollinations.ai/prompt/How%20to%20Add%20Sepia%20Tone%20to%20an%20Image%3A%20Easy%2C%20Timeless%20Effect%20%E2%80%93%20Learn%20to%20add%20a%20beautiful%2C%20nostalgic%20sepia%20tone%20to%20any%20photo%20in%20seconds%20with%20our%20free%20tool%21%20Our%20compl?width=800&height=600,"How to Add Sepia Tone to an Image: Easy, Timeless Effect – Learn to add a beautiful, nostalgic sepia tone to any photo in seconds with our free tool! Our compl"
image-sepia-guide-1.html,"Master Image Blur: A Simple, Free Guide","Learn how to blur an image for privacy or artistry with this easy step-by-step guide. Create stunning, professional edits in seconds using a free tool! #PhotoEditing #BlurImage #ImageSepia #PhotoTips #DigitalArt #GraphicDesign #Tutorial",https://fastimgtool.com/og-image.png,https://fastimgtool.com/guides/image-sepia-guide-1.html,https://image.pollinations.ai/prompt/Master%20Image%20Blur%3A%20A%20Simple%2C%20Free%20Guide%20%E2%80%93%20Learn%20how%20to%20blur%20an%20image%20for%20privacy%20or%20artistry%20with%20this%20easy%20step-by-step%20guide.%20Create%20stunnin?width=800&height=600,"Master Image Blur: A Simple, Free Guide – Learn how to blur an image for privacy or artistry with this easy step-by-step guide. Create stunnin"
image-sepia-guide-2.html,Sharpen Image Online for Free: Ultimate Guide,"Tired of blurry photos? Learn how to sharpen any image online for free with our easy step-by-step guide. Get crisp, professional-looking photos in minutes! #SharpenImage #PhotoEditing #FreeTools #DigitalMarketing #GraphicDesign #PhotoTips #Tutorial",https://fastimgtool.com/og-image.png,https://fastimgtool.com/guides/image-sepia-guide-2.html,https://image.pollinations.ai/prompt/Sharpen%20Image%20Online%20for%20Free%3A%20Ultimate%20Guide%20%E2%80%93%20Tired%20of%20blurry%20photos%3F%20Learn%20how%20to%20sharpen%20any%20image%20online%20for%20free%20with%20our%20easy%20step-by-step%20gu?width=800&height=600,Sharpen Image Online for Free: Ultimate Guide – Tired of blurry photos? Learn how to sharpen any image online for free with our easy step-by-step gu
image-sepia-guide-3.html,Master Grayscale: Convert Images to B&W in Seconds,"Unlock the power of black & white! Our step-by-step guide shows you why and how to convert images to stunning grayscale. Achieve perfect results with our free, easy-to-use online tool. #grayscale #blackandwhitephoto #phototips #imageediting #freetools #photographyguide #creativeediting",https://fastimgtool.com/og-image.png,https://fastimgtool.com/guides/image-sepia-guide-3.html,https://image.pollinations.ai/prompt/Master%20Grayscale%3A%20Convert%20Images%20to%20B%26W%20in%20Seconds%20%E2%80%93%20Unlock%20the%20power%20of%20black%20%26%20white%21%20Our%20step-by-step%20guide%20shows%20you%20why%20and%20how%20to%20convert%20images%20to?width=800&height=600,Master Grayscale: Convert Images to B&W in Seconds – Unlock the power of black & white! Our step-by-step guide shows you why and how to convert images to
image-sepia-guide-4.html,How to Invert Image Colors for Stunning Effects,Transform your photos into artistic negatives in seconds! Our easy step-by-step guide shows you how to use color inversion for creative and professional projects. #InvertColors #PhotoEditing #ImageSepia #DigitalArt #PhotoNegative #EditingTips #CreativePhotos,https://fastimgtool.com/og-image.png,https://fastimgtool.com/guides/image-sepia-guide-4.html,https://image.pollinations.ai/prompt/How%20to%20Invert%20Image%20Colors%20for%20Stunning%20Effects%20%E2%80%93%20Transform%20your%20photos%20into%20artistic%20negatives%20in%20seconds%21%20Our%20easy%20step-by-step%20guide%20shows%20you%20how?width=800&height=600,How to Invert Image Colors for Stunning Effects – Transform your photos into artistic negatives in seconds! Our easy step-by-step guide shows you how
image-sepia-guide-5.html,How to Add Sepia Tone to an Image (Easy 2024 Guide),"Learn to add a beautiful sepia tone for that perfect vintage look! Our step-by-step guide covers online tools, manual editing, and pro tips. #SepiaTone #VintagePhotos #PhotoEditing #PhotoTips #DigitalArt #Nostalgia #Tutorial",https://fastimgtool.com/og-image.png,https://fastimgtool.com/guides/image-sepia-guide-5.html,https://image.pollinations.ai/prompt/How%20to%20Add%20Sepia%20Tone%20to%20an%20Image%20%28Easy%202024%20Guide%29%20%E2%80%93%20Learn%20to%20add%20a%20beautiful%20sepia%20tone%20for%20that%20perfect%20vintage%20look%21%20Our%20step-by-step%20guide%20covers%20onl?width=800&height=600,How to Add Sepia Tone to an Image (Easy 2024 Guide) – Learn to add a beautiful sepia tone for that perfect vintage look! Our step-by-step guide covers onl
image-sharpen-guide-1.html,How to Apply Blur to an Image Like a Pro,"Master the art of blurring! Our step-by-step guide shows you how to apply blur to image files for professional focus, depth, and style. Transform your photos with this essential editing skill. #ImageEditing #PhotoBlur #PhotoTips #GraphicDesign #DIYEditing #PhotoshopTips #ProfessionalPhotos",https://fastimgtool.com/og-image.png,https://fastimgtool.com/guides/image-sharpen-guide-1.html,https://image.pollinations.ai/prompt/How%20to%20Apply%20Blur%20to%20an%20Image%20Like%20a%20Pro%20%E2%80%93%20Master%20the%20art%20of%20blurring%21%20Our%20step-by-step%20guide%20shows%20you%20how%20to%20apply%20blur%20to%20image%20files%20for%20pr?width=800&height=600,How to Apply Blur to an Image Like a Pro – Master the art of blurring! Our step-by-step guide shows you how to apply blur to image files for pr
image-sharpen-guide-2.html,How to Sharpen a Blurry Photo Online for Free,"Fix soft, blurry images in seconds with our free online tool! This ultimate guide shows you exactly when and how to sharpen photos for crisp, professional results. #sharpenimage #phototips #imageediting #freetools #bloggertips #digitalmarketing #photography",https://fastimgtool.com/og-image.png,https://fastimgtool.com/guides/image-sharpen-guide-2.html,https://image.pollinations.ai/prompt/How%20to%20Sharpen%20a%20Blurry%20Photo%20Online%20for%20Free%20%E2%80%93%20Fix%20soft%2C%20blurry%20images%20in%20seconds%20with%20our%20free%20online%20tool%21%20This%20ultimate%20guide%20shows%20you%20exactly?width=800&height=600,"How to Sharpen a Blurry Photo Online for Free – Fix soft, blurry images in seconds with our free online tool! This ultimate guide shows you exactly"
image-sharpen-guide-3.html,Master the Art: How to Convert Image to Grayscale,"Unlock the power of black & white! Our definitive guide teaches you why and how to convert image to grayscale for stunning, timeless results. Step-by-step tutorials inside. #Grayscale #BlackAndWhite #PhotoEditing #PhotographyTips #ImageConversion #CreativeEditing #Tutorial",https://fastimgtool.com/og-image.png,https://fastimgtool.com/guides/image-sharpen-guide-3.html,https://image.pollinations.ai/prompt/Master%20the%20Art%3A%20How%20to%20Convert%20Image%20to%20Grayscale%20%E2%80%93%20Unlock%20the%20power%20of%20black%20%26%20white%21%20Our%20definitive%20guide%20teaches%20you%20why%20and%20how%20to%20convert%20image%20to?width=800&height=600,Master the Art: How to Convert Image to Grayscale – Unlock the power of black & white! Our definitive guide teaches you why and how to convert image to
image-sharpen-guide-4.html,How to Invert Image Colors for Creative Effects,"Unlock a new world of creativity! Our easy guide shows you how to invert image colors for stunning artistic effects, better accessibility, and unique designs. #graphicdesign #photography #creativetips #colortheory #imageediting #designhacks #freetools",https://fastimgtool.com/og-image.png,https://fastimgtool.com/guides/image-sharpen-guide-4.html,https://image.pollinations.ai/prompt/How%20to%20Invert%20Image%20Colors%20for%20Creative%20Effects%20%E2%80%93%20Unlock%20a%20new%20world%20of%20creativity%21%20Our%20easy%20guide%20shows%20you%20how%20to%20invert%20image%20colors%20for%20stunning%20a?width=800&height=600,How to Invert Image Colors for Creative Effects – Unlock a new world of creativity! Our easy guide shows you how to invert image colors for stunning a
image-sharpen-guide-5.html,How to Add a Sepia Tone to Any Image | Complete Guide,Master the vintage sepia effect! Our step-by-step guide teaches you how to add timeless warmth and nostalgia to your photos. Perfect for restoring old pictures or creating classic art. #SepiaTone #PhotoEditing #VintagePhotos #PhotoTutorial #RetroEffect #PhotoTips #DigitalArt,https://fastimgtool.com/og-image.png,https://fastimgtool.com/guides/image-sharpen-guide-5.html,https://image.pollinations.ai/prompt/How%20to%20Add%20a%20Sepia%20Tone%20to%20Any%20Image%20%7C%20Complete%20Guide%20%E2%80%93%20Master%20the%20vintage%20sepia%20effect%21%20Our%20step-by-step%20guide%20teaches%20you%20how%20to%20add%20timeless%20warmth%20and%20n?width=800&height=600,How to Add a Sepia Tone to Any Image | Complete Guide – Master the vintage sepia effect! Our step-by-step guide teaches you how to add timeless warmth and n
image-to-base64-guide-1.html,JPG to PNG Guide: Keep Quality & Add Transparency,"Stop losing image quality! Our ultimate guide shows you exactly how to convert JPG to PNG to preserve details and unlock transparent backgrounds. Perfect for logos, graphics, and web design. #JPGtoPNG #ImageConversion #GraphicDesignTips #TransparentBackground #WebDesign #DigitalMarketing #PhotoEditing",https://fastimgtool.com/og-image.png,https://fastimgtool.com/guides/image-to-base64-guide-1.html,https://image.pollinations.ai/prompt/JPG%20to%20PNG%20Guide%3A%20Keep%20Quality%20%26%20Add%20Transparency%20%E2%80%93%20Stop%20losing%20image%20quality%21%20Our%20ultimate%20guide%20shows%20you%20exactly%20how%20to%20convert%20JPG%20to%20PNG%20to%20preserv?width=800&height=600,JPG to PNG Guide: Keep Quality & Add Transparency – Stop losing image quality! Our ultimate guide shows you exactly how to convert JPG to PNG to preserv
image-to-base64-guide-2.html,PNG to JPG: The Complete Guide to Optimize Images,Stop slow websites! Learn how to convert PNG to JPG for faster load times and better SEO. Our step-by-step guide shows you the best tools and tips. #PNGtoJPG #ImageOptimization #WebPerformance #SEOTips #DigitalMarketing #BloggingTips #WebsiteSpeed,https://fastimgtool.com/og-image.png,https://fastimgtool.com/guides/image-to-base64-guide-2.html,https://image.pollinations.ai/prompt/PNG%20to%20JPG%3A%20The%20Complete%20Guide%20to%20Optimize%20Images%20%E2%80%93%20Stop%20slow%20websites%21%20Learn%20how%20to%20convert%20PNG%20to%20JPG%20for%20faster%20load%20times%20and%20better%20SEO.%20Our%20step-b?width=800&height=600,PNG to JPG: The Complete Guide to Optimize Images – Stop slow websites! Learn how to convert PNG to JPG for faster load times and better SEO. Our step-b
image-to-base64-guide-3.html,WebP to JPG: The Ultimate Guide for Universal Compatibility,"Stop struggling with incompatible WebP files! Our complete guide shows you exactly how to convert them to JPG for any project. Easy steps, pro tips, and a free tool inside. #WebPtoJPG #ImageConverter #GraphicDesignTips #Compatibility #DigitalMarketing #HowToGuide #FreeTool",https://fastimgtool.com/og-image.png,https://fastimgtool.com/guides/image-to-base64-guide-3.html,https://image.pollinations.ai/prompt/WebP%20to%20JPG%3A%20The%20Ultimate%20Guide%20for%20Universal%20Compatibility%20%E2%80%93%20Stop%20struggling%20with%20incompatible%20WebP%20files%21%20Our%20complete%20guide%20shows%20you%20exactly%20how%20to%20convert%20th?width=800&height=600,WebP to JPG: The Ultimate Guide for Universal Compatibility – Stop struggling with incompatible WebP files! Our complete guide shows you exactly how to convert th
image-to-base64-guide-4.html,Stuck with HEIC? Convert iPhone Photos to JPG in Seconds!,Our free guide shows you exactly how to convert HEIC to JPG for easy sharing on any device or website. Learn the fastest methods and fix compatibility issues for good! #HEICtoJPG #iPhoneTips #PhotoConversion #TechHowTo #DigitalPhotography #WindowsPC #FreeTool,https://fastimgtool.com/og-image.png,https://fastimgtool.com/guides/image-to-base64-guide-4.html,https://image.pollinations.ai/prompt/Stuck%20with%20HEIC%3F%20Convert%20iPhone%20Photos%20to%20JPG%20in%20Seconds%21%20%E2%80%93%20Our%20free%20guide%20shows%20you%20exactly%20how%20to%20convert%20HEIC%20to%20JPG%20for%20easy%20sharing%20on%20any%20device%20or%20websit?width=800&height=600,Stuck with HEIC? Convert iPhone Photos to JPG in Seconds! – Our free guide shows you exactly how to convert HEIC to JPG for easy sharing on any device or websit
image-to-base64-guide-5.html,How to Convert an Image to Base64: A Developer's Guide,"Simplify your workflow! Learn how to convert images to Base64 text for use in HTML, CSS, and JSON. Our guide covers the why, how, and best practices. #Base64 #WebDevelopment #WebDesign #CodingTips #FrontEnd #DeveloperTools #HTML",https://fastimgtool.com/og-image.png,https://fastimgtool.com/guides/image-to-base64-guide-5.html,https://image.pollinations.ai/prompt/How%20to%20Convert%20an%20Image%20to%20Base64%3A%20A%20Developer%27s%20Guide%20%E2%80%93%20Simplify%20your%20workflow%21%20Learn%20how%20to%20convert%20images%20to%20Base64%20text%20for%20use%20in%20HTML%2C%20CSS%2C%20and%20JSON.%20O?width=800&height=600,"How to Convert an Image to Base64: A Developer's Guide – Simplify your workflow! Learn how to convert images to Base64 text for use in HTML, CSS, and JSON. O"
image-to-webp-guide-1.html,How to Convert JPG to PNG for Flawless Graphics,Stop blurry logos & graphics! Our ultimate guide shows you exactly how and why to convert JPG to PNG for perfect quality. Easy steps & pro tips inside. #JPGtoPNG #ImageConversion #GraphicDesign #LogoDesign #PNGvsJPG #DigitalMarketing #WebDesignTips,https://fastimgtool.com/og-image.png,https://fastimgtool.com/guides/image-to-webp-guide-1.html,https://image.pollinations.ai/prompt/How%20to%20Convert%20JPG%20to%20PNG%20for%20Flawless%20Graphics%20%E2%80%93%20Stop%20blurry%20logos%20%26%20graphics%21%20Our%20ultimate%20guide%20shows%20you%20exactly%20how%20and%20why%20to%20convert%20JPG%20to%20PNG?width=800&height=600,How to Convert JPG to PNG for Flawless Graphics – Stop blurry logos & graphics! Our ultimate guide shows you exactly how and why to convert JPG to PNG
image-to-webp-guide-2.html,PNG to JPG: Optimize Images for Faster Websites,Speed up your site and fix email bounce-backs! Learn how to convert PNG to JPG the right way with our free tool and expert tips. #PNGtoJPG #ImageOptimization #WebSpeed #DigitalMarketing #BloggingTips #FreeTools #WebsiteSEO,https://fastimgtool.com/og-image.png,https://fastimgtool.com/guides/image-to-webp-guide-2.html,https://image.pollinations.ai/prompt/PNG%20to%20JPG%3A%20Optimize%20Images%20for%20Faster%20Websites%20%E2%80%93%20Speed%20up%20your%20site%20and%20fix%20email%20bounce-backs%21%20Learn%20how%20to%20convert%20PNG%20to%20JPG%20the%20right%20way%20with%20ou?width=800&height=600,PNG to JPG: Optimize Images for Faster Websites – Speed up your site and fix email bounce-backs! Learn how to convert PNG to JPG the right way with ou
image-to-webp-guide-3.html,"How to Convert WebP to JPG: The Simple, Complete Guide",Stuck with an incompatible WebP image? Our step-by-step guide shows you exactly how to convert WebP to JPG for universal compatibility. Learn the best free tools and tips to maintain quality! #WebPtoJPG #ImageConversion #FileFormat #TechTips #PhotoEditing #HowToGuide #DigitalMarketing,https://fastimgtool.com/og-image.png,https://fastimgtool.com/guides/image-to-webp-guide-3.html,https://image.pollinations.ai/prompt/How%20to%20Convert%20WebP%20to%20JPG%3A%20The%20Simple%2C%20Complete%20Guide%20%E2%80%93%20Stuck%20with%20an%20incompatible%20WebP%20image%3F%20Our%20step-by-step%20guide%20shows%20you%20exactly%20how%20to%20convert%20WebP?width=800&height=600,"How to Convert WebP to JPG: The Simple, Complete Guide – Stuck with an incompatible WebP image? Our step-by-step guide shows you exactly how to convert WebP"
image-to-webp-guide-4.html,How to Convert HEIC to JPG for Universal Compatibility,Struggling with HEIC files from your iPhone? Our ultimate guide shows you the easiest step-by-step methods to convert HEIC to JPG for sharing anywhere. #HEICtoJPG #iPhoneTips #PhotoConversion #TechGuide #HowTo #WindowsTips #FileFormat,https://fastimgtool.com/og-image.png,https://fastimgtool.com/guides/image-to-webp-guide-4.html,https://image.pollinations.ai/prompt/How%20to%20Convert%20HEIC%20to%20JPG%20for%20Universal%20Compatibility%20%E2%80%93%20Struggling%20with%20HEIC%20files%20from%20your%20iPhone%3F%20Our%20ultimate%20guide%20shows%20you%20the%20easiest%20step-by-step%20m?width=800&height=600,How to Convert HEIC to JPG for Universal Compatibility – Struggling with HEIC files from your iPhone? Our ultimate guide shows you the easiest step-by-step m
image-to-webp-guide-5.html,Convert Images to Base64: The Ultimate Guide,Stop managing image files! Learn how to encode images to Base64 text for websites and emails with our easy guide and free tool. #Base64 #WebDevelopment #CodingTips #WebDesign #ImageOptimization #HTML #TechTutorial,https://fastimgtool.com/og-image.png,https://fastimgtool.com/guides/image-to-webp-guide-5.html,https://image.pollinations.ai/prompt/Convert%20Images%20to%20Base64%3A%20The%20Ultimate%20Guide%20%E2%80%93%20Stop%20managing%20image%20files%21%20Learn%20how%20to%20encode%20images%20to%20Base64%20text%20for%20websites%20and%20emails%20with%20ou?width=800&height=600,Convert Images to Base64: The Ultimate Guide – Stop managing image files! Learn how to encode images to Base64 text for websites and emails with ou
jpg-to-png-guide-1.html,How to Convert JPG to PNG: 2024 Guide & Tips,Stop losing image quality! Our complete guide shows you exactly how and why to convert JPG to PNG for crisp logos and graphics. Step-by-step instructions for perfect results every time. #JPGtoPNG #ImageConversion #GraphicDesignTips #DigitalMarketing #PhotoEditing #TechHowTo #WebsiteDesign,https://fastimgtool.com/og-image.png,https://fastimgtool.com/guides/jpg-to-png-guide-1.html,https://image.pollinations.ai/prompt/How%20to%20Convert%20JPG%20to%20PNG%3A%202024%20Guide%20%26%20Tips%20%E2%80%93%20Stop%20losing%20image%20quality%21%20Our%20complete%20guide%20shows%20you%20exactly%20how%20and%20why%20to%20convert%20JPG%20to%20PNG%20fo?width=800&height=600,How to Convert JPG to PNG: 2024 Guide & Tips – Stop losing image quality! Our complete guide shows you exactly how and why to convert JPG to PNG fo
jpg-to-png-guide-2.html,PNG to JPG: The Ultimate Conversion Guide for Speed & Quality,"Stop struggling with large files! Our step-by-step guide shows you how to convert PNG to JPG for better speed, storage, and compatibility. Save this pin for the best tools and expert tips! #PNGtoJPG #ImageConversion #FileFormat #DigitalMarketing #GraphicDesign #TechTips #Productivity",https://fastimgtool.com/og-image.png,https://fastimgtool.com/guides/jpg-to-png-guide-2.html,https://image.pollinations.ai/prompt/PNG%20to%20JPG%3A%20The%20Ultimate%20Conversion%20Guide%20for%20Speed%20%26%20Quality%20%E2%80%93%20Stop%20struggling%20with%20large%20files%21%20Our%20step-by-step%20guide%20shows%20you%20how%20to%20convert%20PNG%20to%20JPG%20for%20bet?width=800&height=600,PNG to JPG: The Ultimate Conversion Guide for Speed & Quality – Stop struggling with large files! Our step-by-step guide shows you how to convert PNG to JPG for bet
jpg-to-png-guide-3.html,How to Convert WEBP to JPG for Universal Compatibility,"Struggling with WEBP files? Our ultimate guide shows you the fastest ways to convert WEBP to JPG for editing, sharing, and posting. Get universal image compatibility in seconds! #WEBPtoJPG #ImageConverter #GraphicDesignTips #DigitalMarketing #TechHowTo #FreeTools #SocialMediaTips",https://fastimgtool.com/og-image.png,https://fastimgtool.com/guides/jpg-to-png-guide-3.html,https://image.pollinations.ai/prompt/How%20to%20Convert%20WEBP%20to%20JPG%20for%20Universal%20Compatibility%20%E2%80%93%20Struggling%20with%20WEBP%20files%3F%20Our%20ultimate%20guide%20shows%20you%20the%20fastest%20ways%20to%20convert%20WEBP%20to%20JPG%20for?width=800&height=600,How to Convert WEBP to JPG for Universal Compatibility – Struggling with WEBP files? Our ultimate guide shows you the fastest ways to convert WEBP to JPG for
jpg-to-png-guide-4.html,Stuck with HEIC? Convert to JPG for Universal Access,Can't open iPhone photos on your PC? Our complete guide shows you exactly how to convert HEIC to JPG. Get step-by-step methods for seamless sharing and editing. #HEICtoJPG #ConvertHEIC #iPhoneTips #PhotoEditing #TechHowTo #WindowsTips #FileConversion,https://fastimgtool.com/og-image.png,https://fastimgtool.com/guides/jpg-to-png-guide-4.html,https://image.pollinations.ai/prompt/Stuck%20with%20HEIC%3F%20Convert%20to%20JPG%20for%20Universal%20Access%20%E2%80%93%20Can%27t%20open%20iPhone%20photos%20on%20your%20PC%3F%20Our%20complete%20guide%20shows%20you%20exactly%20how%20to%20convert%20HEIC%20to%20JPG?width=800&height=600,Stuck with HEIC? Convert to JPG for Universal Access – Can't open iPhone photos on your PC? Our complete guide shows you exactly how to convert HEIC to JPG
jpg-to-png-guide-5.html,Convert Image to Base64 Instantly: The Ultimate Guide,Learn how to embed images directly into your code for faster websites! Our step-by-step guide makes converting images to Base64 effortless. #WebDevelopment #CodingTips #Base64 #ImageOptimization #WebDesign #TechTips #HTML,https://fastimgtool.com/og-image.png,https://fastimgtool.com/guides/jpg-to-png-guide-5.html,https://image.pollinations.ai/prompt/Convert%20Image%20to%20Base64%20Instantly%3A%20The%20Ultimate%20Guide%20%E2%80%93%20Learn%20how%20to%20embed%20images%20directly%20into%20your%20code%20for%20faster%20websites%21%20Our%20step-by-step%20guide%20makes?width=800&height=600,Convert Image to Base64 Instantly: The Ultimate Guide – Learn how to embed images directly into your code for faster websites! Our step-by-step guide makes
png-to-jpg-guide-1.html,How to Convert JPG to PNG for Flawless Images,Stop losing image quality! Our ultimate guide shows you exactly how to convert JPG to PNG for crisp logos and perfect graphics. Get step-by-step instructions and expert tips. #JPGtoPNG #ImageConversion #GraphicDesignTips #DigitalMarketing #PhotoEditing #PNGvsJPG #Tutorial,https://fastimgtool.com/og-image.png,https://fastimgtool.com/guides/png-to-jpg-guide-1.html,https://image.pollinations.ai/prompt/How%20to%20Convert%20JPG%20to%20PNG%20for%20Flawless%20Images%20%E2%80%93%20Stop%20losing%20image%20quality%21%20Our%20ultimate%20guide%20shows%20you%20exactly%20how%20to%20convert%20JPG%20to%20PNG%20for%20crisp?width=800&height=600,How to Convert JPG to PNG for Flawless Images – Stop losing image quality! Our ultimate guide shows you exactly how to convert JPG to PNG for crisp
png-to-jpg-guide-2.html,How to Convert PNG to JPG Fast & Free | 2024 Guide,Stop struggling with large files! Our ultimate guide shows you the easiest ways to convert PNG to JPG without losing quality. Learn step-by-step methods and use our free tool. #PNGtoJPG #ImageConverter #FileFormat #DigitalTips #GraphicDesign #FreeTools #HowToGuide,https://fastimgtool.com/og-image.png,https://fastimgtool.com/guides/png-to-jpg-guide-2.html,https://image.pollinations.ai/prompt/How%20to%20Convert%20PNG%20to%20JPG%20Fast%20%26%20Free%20%7C%202024%20Guide%20%E2%80%93%20Stop%20struggling%20with%20large%20files%21%20Our%20ultimate%20guide%20shows%20you%20the%20easiest%20ways%20to%20convert%20PNG%20to%20JP?width=800&height=600,How to Convert PNG to JPG Fast & Free | 2024 Guide – Stop struggling with large files! Our ultimate guide shows you the easiest ways to convert PNG to JP
png-to-jpg-guide-3.html,Convert WebP to JPG Easily: Your 2024 Guide,"Stuck with a WebP file? Our complete guide shows you why and how to convert it to JPG for universal compatibility. Use our free online tool for a fast, secure conversion in seconds! #WebPtoJPG #ImageConverter #FileFormat #TechTips #DigitalMarketing #GraphicDesign #HowToGuide",https://fastimgtool.com/og-image.png,https://fastimgtool.com/guides/png-to-jpg-guide-3.html,https://image.pollinations.ai/prompt/Convert%20WebP%20to%20JPG%20Easily%3A%20Your%202024%20Guide%20%E2%80%93%20Stuck%20with%20a%20WebP%20file%3F%20Our%20complete%20guide%20shows%20you%20why%20and%20how%20to%20convert%20it%20to%20JPG%20for%20universal?width=800&height=600,Convert WebP to JPG Easily: Your 2024 Guide – Stuck with a WebP file? Our complete guide shows you why and how to convert it to JPG for universal
png-to-jpg-guide-4.html,How to Convert HEIC to JPG Easily (Free Tool Guide),"Stuck with HEIC files from your iPhone? Our ultimate guide shows you the easiest way to convert HEIC to JPG for free. Get full compatibility for Windows, websites, and social media in seconds! #HEICtoJPG #PhotoConverter #iPhoneTips #TechHowTo #DigitalLife #FreeTool #PhotoEditing",https://fastimgtool.com/og-image.png,https://fastimgtool.com/guides/png-to-jpg-guide-4.html,https://image.pollinations.ai/prompt/How%20to%20Convert%20HEIC%20to%20JPG%20Easily%20%28Free%20Tool%20Guide%29%20%E2%80%93%20Stuck%20with%20HEIC%20files%20from%20your%20iPhone%3F%20Our%20ultimate%20guide%20shows%20you%20the%20easiest%20way%20to%20convert%20HEIC?width=800&height=600,How to Convert HEIC to JPG Easily (Free Tool Guide) – Stuck with HEIC files from your iPhone? Our ultimate guide shows you the easiest way to convert HEIC
png-to-jpg-guide-5.html,How to Convert an Image to Base64: A Developer's Guide,Stop broken image links & speed up your site! Learn to convert any image to a Base64 string with our free tool & step-by-step guide. Perfect for web dev & design. #Base64 #WebDevelopment #WebDesign #CodingTips #FrontEnd #DeveloperTools #HTML,https://fastimgtool.com/og-image.png,https://fastimgtool.com/guides/png-to-jpg-guide-5.html,https://image.pollinations.ai/prompt/How%20to%20Convert%20an%20Image%20to%20Base64%3A%20A%20Developer%27s%20Guide%20%E2%80%93%20Stop%20broken%20image%20links%20%26%20speed%20up%20your%20site%21%20Learn%20to%20convert%20any%20image%20to%20a%20Base64%20string%20with%20our?width=800&height=600,How to Convert an Image to Base64: A Developer's Guide – Stop broken image links & speed up your site! Learn to convert any image to a Base64 string with our
png-to-webp-guide-1.html,Convert JPG to PNG: The Complete Guide for Perfect Images,Stop dealing with blurry logos and awkward backgrounds! Our step-by-step guide shows you how to easily convert JPG to PNG for crisp text and transparent images. #JPGtoPNG #ImageEditing #GraphicDesignTips #DigitalMarketing #TransparentBackground #PhotoTips #TechHowTo,https://fastimgtool.com/og-image.png,https://fastimgtool.com/guides/png-to-webp-guide-1.html,https://image.pollinations.ai/prompt/Convert%20JPG%20to%20PNG%3A%20The%20Complete%20Guide%20for%20Perfect%20Images%20%E2%80%93%20Stop%20dealing%20with%20blurry%20logos%20and%20awkward%20backgrounds%21%20Our%20step-by-step%20guide%20shows%20you%20how%20to%20easi?width=800&height=600,Convert JPG to PNG: The Complete Guide for Perfect Images – Stop dealing with blurry logos and awkward backgrounds! Our step-by-step guide shows you how to easi
png-to-webp-guide-2.html,PNG to JPG: The Ultimate 2024 Conversion Guide,Stop struggling with large files! Learn the fastest ways to convert PNG to JPG for smaller size & better web compatibility. Full guide with free tools & pro tips inside. #PNGtoJPG #ImageConversion #GraphicDesignTips #FileOptimization #WebDesign #DigitalMarketing #TechHowTo,https://fastimgtool.com/og-image.png,https://fastimgtool.com/guides/png-to-webp-guide-2.html,https://image.pollinations.ai/prompt/PNG%20to%20JPG%3A%20The%20Ultimate%202024%20Conversion%20Guide%20%E2%80%93%20Stop%20struggling%20with%20large%20files%21%20Learn%20the%20fastest%20ways%20to%20convert%20PNG%20to%20JPG%20for%20smaller%20size%20%26%20be?width=800&height=600,PNG to JPG: The Ultimate 2024 Conversion Guide – Stop struggling with large files! Learn the fastest ways to convert PNG to JPG for smaller size & be
png-to-webp-guide-3.html,How to Convert WebP to JPG Easily (2024 Guide),"Stuck with a WebP file? Our ultimate guide shows you how to convert WebP to JPG in seconds using a free tool and other simple methods. Fix compatibility issues for social media, printing, and editing! #WebPtoJPG #ImageConverter #TechTips #DigitalTools #HowToGuide #FileConversion #PhotoEditing",https://fastimgtool.com/og-image.png,https://fastimgtool.com/guides/png-to-webp-guide-3.html,https://image.pollinations.ai/prompt/How%20to%20Convert%20WebP%20to%20JPG%20Easily%20%282024%20Guide%29%20%E2%80%93%20Stuck%20with%20a%20WebP%20file%3F%20Our%20ultimate%20guide%20shows%20you%20how%20to%20convert%20WebP%20to%20JPG%20in%20seconds%20using%20a%20f?width=800&height=600,How to Convert WebP to JPG Easily (2024 Guide) – Stuck with a WebP file? Our ultimate guide shows you how to convert WebP to JPG in seconds using a f
png-to-webp-guide-4.html,Stuck with HEIC Files? Convert to JPG in Seconds!,"Our complete guide shows you exactly why and how to convert HEIC to JPG for universal compatibility. Get easy, step-by-step instructions using our free online tool. #HEICtoJPG #ConvertHEIC #iPhoneTips #PhotoEditing #TechHowTo #WindowsHelp #FileConversion",https://fastimgtool.com/og-image.png,https://fastimgtool.com/guides/png-to-webp-guide-4.html,https://image.pollinations.ai/prompt/Stuck%20with%20HEIC%20Files%3F%20Convert%20to%20JPG%20in%20Seconds%21%20%E2%80%93%20Our%20complete%20guide%20shows%20you%20exactly%20why%20and%20how%20to%20convert%20HEIC%20to%20JPG%20for%20universal%20compatibility.?width=800&height=600,Stuck with HEIC Files? Convert to JPG in Seconds! – Our complete guide shows you exactly why and how to convert HEIC to JPG for universal compatibility.
png-to-webp-guide-5.html,How to Convert an Image to Base64 (Fast & Easy!),Speed up your website! Learn how to embed images directly into your code with Base64 encoding. Our step-by-step guide makes it simple. #WebDevelopment #CodingTips #Base64 #ImageOptimization #WebPerformance #FrontEnd #WebDesign,https://fastimgtool.com/og-image.png,https://fastimgtool.com/guides/png-to-webp-guide-5.html,https://image.pollinations.ai/prompt/How%20to%20Convert%20an%20Image%20to%20Base64%20%28Fast%20%26%20Easy%21%29%20%E2%80%93%20Speed%20up%20your%20website%21%20Learn%20how%20to%20embed%20images%20directly%20into%20your%20code%20with%20Base64%20encoding.%20Our%20s?width=800&height=600,How to Convert an Image to Base64 (Fast & Easy!) – Speed up your website! Learn how to embed images directly into your code with Base64 encoding. Our s
resize-image-for-email.html,How to Resize an Image for Email (Easy Guide),Stop emails from bouncing! Learn how to quickly resize images for any email client with our simple step-by-step guide. Perfect results every time. #EmailMarketing #DigitalMarketing #TechTips #Productivity #HowTo #ResizeImage #EmailDesign,https://fastimgtool.com/og-image.png,https://fastimgtool.com/guides/resize-image-for-email.html,https://image.pollinations.ai/prompt/How%20to%20Resize%20an%20Image%20for%20Email%20%28Easy%20Guide%29%20%E2%80%93%20Stop%20emails%20from%20bouncing%21%20Learn%20how%20to%20quickly%20resize%20images%20for%20any%20email%20client%20with%20our%20simple%20s?width=800&height=600,How to Resize an Image for Email (Easy Guide) – Stop emails from bouncing! Learn how to quickly resize images for any email client with our simple s
resize-image-for-facebook-cover.html,How to Resize Your Facebook Cover Photo Perfectly,Don't let a blurry or cropped cover photo hurt your profile! Our step-by-step guide shows you how to resize any image for a flawless look on desktop and mobile. #FacebookTips #CoverPhoto #SocialMediaMarketing #GraphicDesign #DigitalMarketing #FacebookBusiness #ProfileOptimization,https://fastimgtool.com/og-image.png,https://fastimgtool.com/guides/resize-image-for-facebook-cover.html,https://image.pollinations.ai/prompt/How%20to%20Resize%20Your%20Facebook%20Cover%20Photo%20Perfectly%20%E2%80%93%20Don%27t%20let%20a%20blurry%20or%20cropped%20cover%20photo%20hurt%20your%20profile%21%20Our%20step-by-step%20guide%20shows%20you%20how%20to?width=800&height=600,How to Resize Your Facebook Cover Photo Perfectly – Don't let a blurry or cropped cover photo hurt your profile! Our step-by-step guide shows you how to
resize-image-for-instagram.html,How to Resize Images for Instagram: A Perfect Post Guide,"Stop awkward cropping & pixelated posts! Our ultimate guide shows you the exact dimensions and easy tools for perfect Instagram Feed, Story, and Reel images every time. #InstagramTips #SocialMediaMarketing #ImageResizing #InstagramGuide #ContentCreation #DigitalMarketing #GraphicDesign",https://fastimgtool.com/og-image.png,https://fastimgtool.com/guides/resize-image-for-instagram.html,https://image.pollinations.ai/prompt/How%20to%20Resize%20Images%20for%20Instagram%3A%20A%20Perfect%20Post%20Guide%20%E2%80%93%20Stop%20awkward%20cropping%20%26%20pixelated%20posts%21%20Our%20ultimate%20guide%20shows%20you%20the%20exact%20dimensions%20and%20easy?width=800&height=600,How to Resize Images for Instagram: A Perfect Post Guide – Stop awkward cropping & pixelated posts! Our ultimate guide shows you the exact dimensions and easy
resize-image-for-youtube-thumbnail.html,How to Resize a YouTube Thumbnail for MAX Clicks (Ultimate Guide),"Stop guessing at thumbnail sizes! Our ultimate guide gives you the exact dimensions, step-by-step editing for any tool, and pro design secrets to make your thumbnails click-worthy. #YouTubeTips #ThumbnailDesign #YouTubeGrowth #ContentCreator #VideoMarketing #DigitalMarketing #SocialMediaTips",https://fastimgtool.com/og-image.png,https://fastimgtool.com/guides/resize-image-for-youtube-thumbnail.html,https://image.pollinations.ai/prompt/How%20to%20Resize%20a%20YouTube%20Thumbnail%20for%20MAX%20Clicks%20%28Ultimate%20Guide%29%20%E2%80%93%20Stop%20guessing%20at%20thumbnail%20sizes%21%20Our%20ultimate%20guide%20gives%20you%20the%20exact%20dimensions%2C%20step-by-step%20ed?width=800&height=600,"How to Resize a YouTube Thumbnail for MAX Clicks (Ultimate Guide) – Stop guessing at thumbnail sizes! Our ultimate guide gives you the exact dimensions, step-by-step ed"
resize-image-online.html,How to Convert PDF to Word in 2024 (Easy Guide),"Stop feeling stuck with uneditable files! Our complete guide shows you the fastest, most reliable ways to convert any PDF to a fully editable Word document. Unlock your documents for easy editing and collaboration today. #PDFtoWord #MicrosoftWord #ProductivityTips #TechHowTo #DocumentEditing #WorkflowHacks #OfficeTips",https://fastimgtool.com/og-image.png,https://fastimgtool.com/guides/resize-image-online.html,https://image.pollinations.ai/prompt/How%20to%20Convert%20PDF%20to%20Word%20in%202024%20%28Easy%20Guide%29%20%E2%80%93%20Stop%20feeling%20stuck%20with%20uneditable%20files%21%20Our%20complete%20guide%20shows%20you%20the%20fastest%2C%20most%20reliable%20wa?width=800&height=600,"How to Convert PDF to Word in 2024 (Easy Guide) – Stop feeling stuck with uneditable files! Our complete guide shows you the fastest, most reliable wa"
rotate-image-180-degrees.html,How to Rotate an Image 180°: A Simple Guide for Creators,Flip your photos upside down for creative effects or quick fixes! Our step-by-step guide shows you the easiest methods using online tools and software. #graphicdesign #phototips #imagerotation #digitalart #photoediting #creativetips #tutorial,https://fastimgtool.com/og-image.png,https://fastimgtool.com/guides/rotate-image-180-degrees.html,https://image.pollinations.ai/prompt/How%20to%20Rotate%20an%20Image%20180%C2%B0%3A%20A%20Simple%20Guide%20for%20Creators%20%E2%80%93%20Flip%20your%20photos%20upside%20down%20for%20creative%20effects%20or%20quick%20fixes%21%20Our%20step-by-step%20guide%20shows%20you%20t?width=800&height=600,How to Rotate an Image 180°: A Simple Guide for Creators – Flip your photos upside down for creative effects or quick fixes! Our step-by-step guide shows you t
rotate-image-90-degrees.html,How to Convert Landscape to Portrait: A Flawless Guide,"Master the art of reshaping your images! Our ultimate guide shows you step-by-step techniques and tools to convert landscape to portrait for social media, print, and more. #photographytips #imageediting #socialmediamarketing #digitalmarketing #graphicdesign #contentcreation #photography",https://fastimgtool.com/og-image.png,https://fastimgtool.com/guides/rotate-image-90-degrees.html,https://image.pollinations.ai/prompt/How%20to%20Convert%20Landscape%20to%20Portrait%3A%20A%20Flawless%20Guide%20%E2%80%93%20Master%20the%20art%20of%20reshaping%20your%20images%21%20Our%20ultimate%20guide%20shows%20you%20step-by-step%20techniques%20and%20to?width=800&height=600,How to Convert Landscape to Portrait: A Flawless Guide – Master the art of reshaping your images! Our ultimate guide shows you step-by-step techniques and to
rotate-image-counterclockwise.html,How to Rotate an Image 270 Degrees Perfectly,"Master precise image rotation! Our ultimate guide shows you step-by-step methods to rotate images 270° for a flawless, professional finish. #ImageRotation #PhotoEditing #GraphicDesign #HowToGuide #DigitalArt #TechTips #PhotoTips",https://fastimgtool.com/og-image.png,https://fastimgtool.com/guides/rotate-image-counterclockwise.html,https://image.pollinations.ai/prompt/How%20to%20Rotate%20an%20Image%20270%20Degrees%20Perfectly%20%E2%80%93%20Master%20precise%20image%20rotation%21%20Our%20ultimate%20guide%20shows%20you%20step-by-step%20methods%20to%20rotate%20images%2027?width=800&height=600,How to Rotate an Image 270 Degrees Perfectly – Master precise image rotation! Our ultimate guide shows you step-by-step methods to rotate images 27
rotate-image-for-social-media.html,How to Rotate an Image: Fix Sideways Photos Fast,"Stop posting sideways photos! Our ultimate guide shows you how to rotate an image perfectly for social media, documents, and more. Simple steps + a free tool! #RotateImage #PhotoTips #PhotoEditing #SocialMediaTips #HowToGuide #TechHacks #DigitalSkills",https://fastimgtool.com/og-image.png,https://fastimgtool.com/guides/rotate-image-for-social-media.html,https://image.pollinations.ai/prompt/How%20to%20Rotate%20an%20Image%3A%20Fix%20Sideways%20Photos%20Fast%20%E2%80%93%20Stop%20posting%20sideways%20photos%21%20Our%20ultimate%20guide%20shows%20you%20how%20to%20rotate%20an%20image%20perfectly%20for%20soci?width=800&height=600,How to Rotate an Image: Fix Sideways Photos Fast – Stop posting sideways photos! Our ultimate guide shows you how to rotate an image perfectly for soci
rotate-image-guide-1.html,How to Crop Images Online Like a Pro | Free Guide,Master the art of cropping to transform your photos! Our ultimate guide shows you why and how to crop for perfect composition. #ImageCropping #PhotoEditing #DigitalMarketing #SocialMediaTips #GraphicDesign #CropImageOnline #FreeTools,https://fastimgtool.com/og-image.png,https://fastimgtool.com/guides/rotate-image-guide-1.html,https://image.pollinations.ai/prompt/How%20to%20Crop%20Images%20Online%20Like%20a%20Pro%20%7C%20Free%20Guide%20%E2%80%93%20Master%20the%20art%20of%20cropping%20to%20transform%20your%20photos%21%20Our%20ultimate%20guide%20shows%20you%20why%20and%20how%20to%20cro?width=800&height=600,How to Crop Images Online Like a Pro | Free Guide – Master the art of cropping to transform your photos! Our ultimate guide shows you why and how to cro
rotate-image-guide-2.html,How to Rotate an Image: The Complete Guide,Stop struggling with sideways photos! Our step-by-step guide shows you how to rotate an image perfectly on any device. Get pro tips for flawless edits every time. #RotateImage #PhotoEditingTips #HowToGuide #DigitalDesign #TechTutorial #PhotoFix #PinterestGuide,https://fastimgtool.com/og-image.png,https://fastimgtool.com/guides/rotate-image-guide-2.html,https://image.pollinations.ai/prompt/How%20to%20Rotate%20an%20Image%3A%20The%20Complete%20Guide%20%E2%80%93%20Stop%20struggling%20with%20sideways%20photos%21%20Our%20step-by-step%20guide%20shows%20you%20how%20to%20rotate%20an%20image%20perfec?width=800&height=600,How to Rotate an Image: The Complete Guide – Stop struggling with sideways photos! Our step-by-step guide shows you how to rotate an image perfec
rotate-image-guide-3.html,Flip Images Horizontally: The Ultimate Guide,Unlock creative compositions & fix photo mistakes! Our step-by-step guide shows you how to flip any image with a free tool. Perfect for designers & content creators. #flipimage #phototips #graphicdesign #photoediting #freetools #digitalart #howtoguide,https://fastimgtool.com/og-image.png,https://fastimgtool.com/guides/rotate-image-guide-3.html,https://image.pollinations.ai/prompt/Flip%20Images%20Horizontally%3A%20The%20Ultimate%20Guide%20%E2%80%93%20Unlock%20creative%20compositions%20%26%20fix%20photo%20mistakes%21%20Our%20step-by-step%20guide%20shows%20you%20how%20to%20flip%20any?width=800&height=600,Flip Images Horizontally: The Ultimate Guide – Unlock creative compositions & fix photo mistakes! Our step-by-step guide shows you how to flip any
rotate-image-guide-4.html,How to Flip an Image Vertically (Free & Easy!),"Learn to flip or mirror any image in seconds with our free online tool! Perfect for fixing photos, creating designs, and unlocking creativity. #imageflip #phototips #graphicdesign #freetools #digitalart #editinghack #howto",https://fastimgtool.com/og-image.png,https://fastimgtool.com/guides/rotate-image-guide-4.html,https://image.pollinations.ai/prompt/How%20to%20Flip%20an%20Image%20Vertically%20%28Free%20%26%20Easy%21%29%20%E2%80%93%20Learn%20to%20flip%20or%20mirror%20any%20image%20in%20seconds%20with%20our%20free%20online%20tool%21%20Perfect%20for%20fixing%20photos%2C%20c?width=800&height=600,"How to Flip an Image Vertically (Free & Easy!) – Learn to flip or mirror any image in seconds with our free online tool! Perfect for fixing photos, c"
rotate-image-guide-5.html,How to Adjust Image Brightness: The Ultimate Guide,Is your photo too dark or too bright? Learn how to fix image brightness like a pro with our step-by-step tutorial. Enhance any photo in minutes! #ImageEditing #PhotoTips #BrightnessFix #PhotoTutorial #EditPhotos #PinterestGuide #DigitalMarketing,https://fastimgtool.com/og-image.png,https://fastimgtool.com/guides/rotate-image-guide-5.html,https://image.pollinations.ai/prompt/How%20to%20Adjust%20Image%20Brightness%3A%20The%20Ultimate%20Guide%20%E2%80%93%20Is%20your%20photo%20too%20dark%20or%20too%20bright%3F%20Learn%20how%20to%20fix%20image%20brightness%20like%20a%20pro%20with%20our%20step-by-?width=800&height=600,How to Adjust Image Brightness: The Ultimate Guide – Is your photo too dark or too bright? Learn how to fix image brightness like a pro with our step-by-
sharpen-blurry-photos.html,How to Sharpen a Photo: Fix Blurry Images in Minutes,"Learn professional sharpening techniques to fix blurry photos and enhance detail. Our step-by-step guide shows you how to get crisp, clear images without artifacts. #PhotoSharpening #PhotoEditingTips #FixBlurryPhotos #PhotoshopTutorial #PhotographyTips #ImageSharpening #CrispPhotos",https://fastimgtool.com/og-image.png,https://fastimgtool.com/guides/sharpen-blurry-photos.html,https://image.pollinations.ai/prompt/How%20to%20Sharpen%20a%20Photo%3A%20Fix%20Blurry%20Images%20in%20Minutes%20%E2%80%93%20Learn%20professional%20sharpening%20techniques%20to%20fix%20blurry%20photos%20and%20enhance%20detail.%20Our%20step-by-step%20g?width=800&height=600,How to Sharpen a Photo: Fix Blurry Images in Minutes – Learn professional sharpening techniques to fix blurry photos and enhance detail. Our step-by-step g
sharpen-image-for-print.html,Get Crisp Prints: The Ultimate Image Sharpening Guide,"Stop blurry prints! Our step-by-step guide shows you exactly how to sharpen images for professional, crisp results every time. Includes a free tool! #printsharpening #phototips #imageediting #printquality #graphicdesign #photography #howto",https://fastimgtool.com/og-image.png,https://fastimgtool.com/guides/sharpen-image-for-print.html,https://image.pollinations.ai/prompt/Get%20Crisp%20Prints%3A%20The%20Ultimate%20Image%20Sharpening%20Guide%20%E2%80%93%20Stop%20blurry%20prints%21%20Our%20step-by-step%20guide%20shows%20you%20exactly%20how%20to%20sharpen%20images%20for%20professional%2C?width=800&height=600,"Get Crisp Prints: The Ultimate Image Sharpening Guide – Stop blurry prints! Our step-by-step guide shows you exactly how to sharpen images for professional,"
sharpen-image-for-social-media.html,Your Ultimate Guide to Image Sharpening (From Fuzzy to Fantastic!),"Learn how to sharpen an image like a pro! This definitive guide covers step-by-step tutorials, tools, and why sharp photos are essential for standing out. #ImageSharpening #PhotoEditingTips #PhotoshopTutorial #SharpenImage #GraphicDesign #DigitalPhoto #PhotoRetouching",https://fastimgtool.com/og-image.png,https://fastimgtool.com/guides/sharpen-image-for-social-media.html,https://image.pollinations.ai/prompt/Your%20Ultimate%20Guide%20to%20Image%20Sharpening%20%28From%20Fuzzy%20to%20Fantastic%21%29%20%E2%80%93%20Learn%20how%20to%20sharpen%20an%20image%20like%20a%20pro%21%20This%20definitive%20guide%20covers%20step-by-step%20tutorials%2C%20tools?width=800&height=600,"Your Ultimate Guide to Image Sharpening (From Fuzzy to Fantastic!) – Learn how to sharpen an image like a pro! This definitive guide covers step-by-step tutorials, tools"
test-tool-guide-1.html,Master Test Tool: The 2024 Step-by-Step Guide,Stop struggling with complex testing! Our complete guide shows you exactly how to use Test Tool to get reliable results and optimize your workflow. Save this pin to master it in 2024! #TestTool #HowToGuide #DataAnalysis #WorkflowTips #TechTutorial #ProductivityHacks #SoftwareGuide,https://fastimgtool.com/og-image.png,https://fastimgtool.com/guides/test-tool-guide-1.html,https://image.pollinations.ai/prompt/Master%20Test%20Tool%3A%20The%202024%20Step-by-Step%20Guide%20%E2%80%93%20Stop%20struggling%20with%20complex%20testing%21%20Our%20complete%20guide%20shows%20you%20exactly%20how%20to%20use%20Test%20Tool%20to%20g?width=800&height=600,Master Test Tool: The 2024 Step-by-Step Guide – Stop struggling with complex testing! Our complete guide shows you exactly how to use Test Tool to g
test-tool-guide-2.html,Master Test Tool: The Definitive Guide to Tips & Tricks,"Unlock the full potential of Test Tool! Our step-by-step guide reveals pro tips, advanced features, and workflow hacks to save you time. #TestTool #ProductivityTips #WorkflowHacks #DigitalTools #HowToGuide #TechTips #Efficiency",https://fastimgtool.com/og-image.png,https://fastimgtool.com/guides/test-tool-guide-2.html,https://image.pollinations.ai/prompt/Master%20Test%20Tool%3A%20The%20Definitive%20Guide%20to%20Tips%20%26%20Tricks%20%E2%80%93%20Unlock%20the%20full%20potential%20of%20Test%20Tool%21%20Our%20step-by-step%20guide%20reveals%20pro%20tips%2C%20advanced%20features%2C?width=800&height=600,"Master Test Tool: The Definitive Guide to Tips & Tricks – Unlock the full potential of Test Tool! Our step-by-step guide reveals pro tips, advanced features,"
test-tool-guide-3.html,Master the Test Tool: Avoid These 5 Costly Mistakes,Stop wasting time on testing errors! Our guide reveals the top 5 user mistakes and step-by-step fixes to transform your workflow. Start testing like a pro and get flawless results. #TestTool #TestingTips #QA #WorkflowHacks #SoftwareTesting #TechTips #Efficiency,https://fastimgtool.com/og-image.png,https://fastimgtool.com/guides/test-tool-guide-3.html,https://image.pollinations.ai/prompt/Master%20the%20Test%20Tool%3A%20Avoid%20These%205%20Costly%20Mistakes%20%E2%80%93%20Stop%20wasting%20time%20on%20testing%20errors%21%20Our%20guide%20reveals%20the%20top%205%20user%20mistakes%20and%20step-by-step%20fixe?width=800&height=600,Master the Test Tool: Avoid These 5 Costly Mistakes – Stop wasting time on testing errors! Our guide reveals the top 5 user mistakes and step-by-step fixe
test-tool-guide-4.html,Test Tool Best Practices: Your Ultimate Guide 🚀,"Unlock your tool's full potential! Our step-by-step guide shows you how to save time, reduce errors, and master your workflow. #TestTool #BestPractices #WorkflowTips #SoftwareTesting #QA #Productivity #TechGuide",https://fastimgtool.com/og-image.png,https://fastimgtool.com/guides/test-tool-guide-4.html,https://image.pollinations.ai/prompt/Test%20Tool%20Best%20Practices%3A%20Your%20Ultimate%20Guide%20%F0%9F%9A%80%20%E2%80%93%20Unlock%20your%20tool%27s%20full%20potential%21%20Our%20step-by-step%20guide%20shows%20you%20how%20to%20save%20time%2C%20reduce%20errors%2C?width=800&height=600,"Test Tool Best Practices: Your Ultimate Guide 🚀 – Unlock your tool's full potential! Our step-by-step guide shows you how to save time, reduce errors,"
test-tool-guide-5.html,Master the Test Tool: Your Ultimate File Analysis Guide,Stop guessing if your files will work. Our definitive guide shows you exactly how to use the Test Tool to analyze files for errors & compatibility. Save time and avoid headaches! #TestTool #FileAnalysis #DigitalWorkflow #TechTips #ProductivityHacks #FileCompatibility #HowToGuide,https://fastimgtool.com/og-image.png,https://fastimgtool.com/guides/test-tool-guide-5.html,https://image.pollinations.ai/prompt/Master%20the%20Test%20Tool%3A%20Your%20Ultimate%20File%20Analysis%20Guide%20%E2%80%93%20Stop%20guessing%20if%20your%20files%20will%20work.%20Our%20definitive%20guide%20shows%20you%20exactly%20how%20to%20use%20the%20Test%20To?width=800&height=600,Master the Test Tool: Your Ultimate File Analysis Guide – Stop guessing if your files will work. Our definitive guide shows you exactly how to use the Test To
tiff-to-jpg-guide-1.html,How to Convert JPG to PNG for Flawless Images,"Stop losing image quality! Learn the easiest ways to convert JPG to PNG with our free tool and expert guide. Perfect for logos, graphics, and professional projects. #JPGtoPNG #ImageConverter #GraphicDesignTips #DigitalMarketing #FreeTool #PhotoEditing #PNGvsJPG",https://fastimgtool.com/og-image.png,https://fastimgtool.com/guides/tiff-to-jpg-guide-1.html,https://image.pollinations.ai/prompt/How%20to%20Convert%20JPG%20to%20PNG%20for%20Flawless%20Images%20%E2%80%93%20Stop%20losing%20image%20quality%21%20Learn%20the%20easiest%20ways%20to%20convert%20JPG%20to%20PNG%20with%20our%20free%20tool%20and%20exper?width=800&height=600,How to Convert JPG to PNG for Flawless Images – Stop losing image quality! Learn the easiest ways to convert JPG to PNG with our free tool and exper
tiff-to-jpg-guide-2.html,PNG to JPG: Optimize Images for Web & Storage,Learn to convert PNG to JPG quickly! Our step-by-step guide shows you how to reduce file size for faster websites and save storage space. #PNGtoJPG #ImageOptimization #WebDesignTips #FileConversion #DigitalMarketing #HowToGuide #TechTips,https://fastimgtool.com/og-image.png,https://fastimgtool.com/guides/tiff-to-jpg-guide-2.html,https://image.pollinations.ai/prompt/PNG%20to%20JPG%3A%20Optimize%20Images%20for%20Web%20%26%20Storage%20%E2%80%93%20Learn%20to%20convert%20PNG%20to%20JPG%20quickly%21%20Our%20step-by-step%20guide%20shows%20you%20how%20to%20reduce%20file%20size%20for%20fa?width=800&height=600,PNG to JPG: Optimize Images for Web & Storage – Learn to convert PNG to JPG quickly! Our step-by-step guide shows you how to reduce file size for fa
tiff-to-jpg-guide-3.html,How to Convert WebP to JPG in Seconds (Free Tool!),"Stuck with a .webp file? Our ultimate guide shows you the fastest, easiest way to convert WebP to JPG for free. Get step-by-step instructions and pro tips for 2024! #WebPtoJPG #ImageConverter #FreeTool #TechTips #DigitalMarketing #HowToGuide #ProductivityHacks",https://fastimgtool.com/og-image.png,https://fastimgtool.com/guides/tiff-to-jpg-guide-3.html,https://image.pollinations.ai/prompt/How%20to%20Convert%20WebP%20to%20JPG%20in%20Seconds%20%28Free%20Tool%21%29%20%E2%80%93%20Stuck%20with%20a%20.webp%20file%3F%20Our%20ultimate%20guide%20shows%20you%20the%20fastest%2C%20easiest%20way%20to%20convert%20WebP%20to%20JP?width=800&height=600,"How to Convert WebP to JPG in Seconds (Free Tool!) – Stuck with a .webp file? Our ultimate guide shows you the fastest, easiest way to convert WebP to JP"
tiff-to-jpg-guide-4.html,Can't Open iPhone Photos? Convert HEIC to JPG Easily,Stop struggling with incompatible HEIC files! Our complete guide shows you how to convert HEIC to JPG on any device for universal sharing. Step-by-step instructions & pro tips inside. #HEICtoJPG #iPhoneTips #PhotoConversion #TechHowTo #JPGFormat #DigitalPhotos #TechGuide,https://fastimgtool.com/og-image.png,https://fastimgtool.com/guides/tiff-to-jpg-guide-4.html,https://image.pollinations.ai/prompt/Can%27t%20Open%20iPhone%20Photos%3F%20Convert%20HEIC%20to%20JPG%20Easily%20%E2%80%93%20Stop%20struggling%20with%20incompatible%20HEIC%20files%21%20Our%20complete%20guide%20shows%20you%20how%20to%20convert%20HEIC%20to%20JP?width=800&height=600,Can't Open iPhone Photos? Convert HEIC to JPG Easily – Stop struggling with incompatible HEIC files! Our complete guide shows you how to convert HEIC to JP
tiff-to-jpg-guide-5.html,How to Convert Images to Base64 for Web | Ultimate Guide,Learn to embed images directly in your HTML & CSS code with Base64 encoding. Our step-by-step guide speeds up your site and simplifies image management! #Base64 #WebDevelopment #HTML #CSS #WebDesign #CodingTips #ImageOptimization,https://fastimgtool.com/og-image.png,https://fastimgtool.com/guides/tiff-to-jpg-guide-5.html,https://image.pollinations.ai/prompt/How%20to%20Convert%20Images%20to%20Base64%20for%20Web%20%7C%20Ultimate%20Guide%20%E2%80%93%20Learn%20to%20embed%20images%20directly%20in%20your%20HTML%20%26%20CSS%20code%20with%20Base64%20encoding.%20Our%20step-by-step%20guide?width=800&height=600,How to Convert Images to Base64 for Web | Ultimate Guide – Learn to embed images directly in your HTML & CSS code with Base64 encoding. Our step-by-step guide
unsharp-mask-explained.html,"Unsharp Mask: The Secret to Crisp, Clear Photos",Master the Unsharp Mask filter! This essential guide explains what it is and gives you step-by-step instructions for perfect sharpening in any editing software. #photographytips #photoediting #unsharpmask #sharpenphotos #phototutorial #photoshop #lightroom,https://fastimgtool.com/og-image.png,https://fastimgtool.com/guides/unsharp-mask-explained.html,https://image.pollinations.ai/prompt/Unsharp%20Mask%3A%20The%20Secret%20to%20Crisp%2C%20Clear%20Photos%20%E2%80%93%20Master%20the%20Unsharp%20Mask%20filter%21%20This%20essential%20guide%20explains%20what%20it%20is%20and%20gives%20you%20step-by-step?width=800&height=600,"Unsharp Mask: The Secret to Crisp, Clear Photos – Master the Unsharp Mask filter! This essential guide explains what it is and gives you step-by-step"
webp-to-jpg-guide-1.html,How to Convert JPG to PNG Perfectly | Free & Easy Guide,Stop losing quality! Learn the easiest ways to convert JPG to PNG for crisp logos and transparent backgrounds. Our step-by-step guide and free tool guarantee perfect results. #JPGtoPNG #ImageConverter #GraphicDesignTips #DigitalMarketing #PhotoEditing #TechHowTo #PNGvsJPG,https://fastimgtool.com/og-image.png,https://fastimgtool.com/guides/webp-to-jpg-guide-1.html,https://image.pollinations.ai/prompt/How%20to%20Convert%20JPG%20to%20PNG%20Perfectly%20%7C%20Free%20%26%20Easy%20Guide%20%E2%80%93%20Stop%20losing%20quality%21%20Learn%20the%20easiest%20ways%20to%20convert%20JPG%20to%20PNG%20for%20crisp%20logos%20and%20transparent%20ba?width=800&height=600,How to Convert JPG to PNG Perfectly | Free & Easy Guide – Stop losing quality! Learn the easiest ways to convert JPG to PNG for crisp logos and transparent ba
webp-to-jpg-guide-2.html,PNG to JPG: The Complete Guide to Convert & Save Space,Stop struggling with large files! Learn how to convert PNG to JPG to boost website speed and compatibility. Our step-by-step guide covers the best free tools and pro tips. #PNGtoJPG #ImageConversion #FileSize #WebOptimization #DigitalMarketing #GraphicDesign #TechTips,https://fastimgtool.com/og-image.png,https://fastimgtool.com/guides/webp-to-jpg-guide-2.html,https://image.pollinations.ai/prompt/PNG%20to%20JPG%3A%20The%20Complete%20Guide%20to%20Convert%20%26%20Save%20Space%20%E2%80%93%20Stop%20struggling%20with%20large%20files%21%20Learn%20how%20to%20convert%20PNG%20to%20JPG%20to%20boost%20website%20speed%20and%20compati?width=800&height=600,PNG to JPG: The Complete Guide to Convert & Save Space – Stop struggling with large files! Learn how to convert PNG to JPG to boost website speed and compati
webp-to-jpg-guide-3.html,Convert WEBP to JPG: Free Guide for Universal Compatibility,Struggling with unsupported WEBP files? Our ultimate guide shows you exactly how to convert WEBP to JPG quickly for any project. Get step-by-step instructions using our free online tool! #WEBPtoJPG #ImageConverter #FileFormat #DigitalTips #GraphicDesign #HowToGuide #TechHacks,https://fastimgtool.com/og-image.png,https://fastimgtool.com/guides/webp-to-jpg-guide-3.html,https://image.pollinations.ai/prompt/Convert%20WEBP%20to%20JPG%3A%20Free%20Guide%20for%20Universal%20Compatibility%20%E2%80%93%20Struggling%20with%20unsupported%20WEBP%20files%3F%20Our%20ultimate%20guide%20shows%20you%20exactly%20how%20to%20convert%20WEBP%20to?width=800&height=600,Convert WEBP to JPG: Free Guide for Universal Compatibility – Struggling with unsupported WEBP files? Our ultimate guide shows you exactly how to convert WEBP to
webp-to-jpg-guide-4.html,How to Convert HEIC to JPG Fast & Free (2024 Guide),"Struggling with HEIC files from your iPhone? Our ultimate guide shows you how to convert HEIC to JPG quickly using our secure, free online tool. Say goodbye to compatibility issues! #HEICtoJPG #ConvertHEIC #iPhoneTips #PhotoEditing #TechGuide #FileConversion #DigitalPhotography",https://fastimgtool.com/og-image.png,https://fastimgtool.com/guides/webp-to-jpg-guide-4.html,https://image.pollinations.ai/prompt/How%20to%20Convert%20HEIC%20to%20JPG%20Fast%20%26%20Free%20%282024%20Guide%29%20%E2%80%93%20Struggling%20with%20HEIC%20files%20from%20your%20iPhone%3F%20Our%20ultimate%20guide%20shows%20you%20how%20to%20convert%20HEIC%20to%20JPG?width=800&height=600,How to Convert HEIC to JPG Fast & Free (2024 Guide) – Struggling with HEIC files from your iPhone? Our ultimate guide shows you how to convert HEIC to JPG
webp-to-jpg-guide-5.html,Convert Images to Base64: The Ultimate Guide,"Simplify your web projects! Learn how to embed images directly into code with Base64 encoding. Our step-by-step guide covers benefits, use cases, and a handy tool. #Base64 #WebDevelopment #CodingTips #ImageOptimization #HTML #CSS #WebDesign",https://fastimgtool.com/og-image.png,https://fastimgtool.com/guides/webp-to-jpg-guide-5.html,https://image.pollinations.ai/prompt/Convert%20Images%20to%20Base64%3A%20The%20Ultimate%20Guide%20%E2%80%93%20Simplify%20your%20web%20projects%21%20Learn%20how%20to%20embed%20images%20directly%20into%20code%20with%20Base64%20encoding.%20Our%20s?width=800&height=600,Convert Images to Base64: The Ultimate Guide – Simplify your web projects! Learn how to embed images directly into code with Base64 encoding. Our s
webp-vs-jpg-which-is-better.html,WebP vs JPG: The 2024 Guide to Faster Images,"Stop guessing which image format to use! Our complete guide reveals the winner for site speed, SEO, and how to implement it. #WebP #JPG #ImageOptimization #SiteSpeed #SEO #WebPerformance #WebDesign",https://fastimgtool.com/og-image.png,https://fastimgtool.com/guides/webp-vs-jpg-which-is-better.html,https://image.pollinations.ai/prompt/WebP%20vs%20JPG%3A%20The%202024%20Guide%20to%20Faster%20Images%20%E2%80%93%20Stop%20guessing%20which%20image%20format%20to%20use%21%20Our%20complete%20guide%20reveals%20the%20winner%20for%20site%20speed%2C%20SEO%2C?width=800&height=600,"WebP vs JPG: The 2024 Guide to Faster Images – Stop guessing which image format to use! Our complete guide reveals the winner for site speed, SEO,"
why-use-grayscale-images.html,Master Grayscale: The Ultimate Guide to Black & White Images,"Unlock the power of monochrome! Learn professional techniques to convert any image to stunning grayscale. Discover why, when, and how to use B&W for maximum impact. #Grayscale #BlackAndWhite #PhotoEditing #Monochrome #DesignTips #ImageConversion #CreativeGuide",https://fastimgtool.com/og-image.png,https://fastimgtool.com/guides/why-use-grayscale-images.html,https://image.pollinations.ai/prompt/Master%20Grayscale%3A%20The%20Ultimate%20Guide%20to%20Black%20%26%20White%20Images%20%E2%80%93%20Unlock%20the%20power%20of%20monochrome%21%20Learn%20professional%20techniques%20to%20convert%20any%20image%20to%20stunning%20grays?width=800&height=600,Master Grayscale: The Ultimate Guide to Black & White Images – Unlock the power of monochrome! Learn professional techniques to convert any image to stunning grays
