Guide File,Pin Title,Pin Description,Image URL Placeholder,Link
image-sharpen-guide-3.html,Master the Art: How to Convert Image to Grayscale,"Unlock the power of black & white! Our definitive guide teaches you why and how to convert image to grayscale for stunning, timeless results. Step-by-step tutorials inside. #Grayscale #BlackAndWhite #PhotoEditing #PhotographyTips #ImageConversion #CreativeEditing #Tutorial",https://fastimgtool.com/og-image.png,https://fastimgtool.com/guides/image-sharpen-guide-3.html
image-sharpen-guide-4.html,How to Invert Image Colors for Creative Effects,"Unlock a new world of creativity! Our easy guide shows you how to invert image colors for stunning artistic effects, better accessibility, and unique designs. #graphicdesign #photography #creativetips #colortheory #imageediting #designhacks #freetools",https://fastimgtool.com/og-image.png,https://fastimgtool.com/guides/image-sharpen-guide-4.html
image-sharpen-guide-5.html,How to Add a Sepia Tone to Any Image | Complete Guide,Master the vintage sepia effect! Our step-by-step guide teaches you how to add timeless warmth and nostalgia to your photos. Perfect for restoring old pictures or creating classic art. #SepiaTone #PhotoEditing #VintagePhotos #PhotoTutorial #RetroEffect #PhotoTips #DigitalArt,https://fastimgtool.com/og-image.png,https://fastimgtool.com/guides/image-sharpen-guide-5.html
image-to-base64-guide-1.html,JPG to PNG Guide: Keep Quality & Add Transparency,"Stop losing image quality! Our ultimate guide shows you exactly how to convert JPG to PNG to preserve details and unlock transparent backgrounds. Perfect for logos, graphics, and web design. #JPGtoPNG #ImageConversion #GraphicDesignTips #TransparentBackground #WebDesign #DigitalMarketing #PhotoEditing",https://fastimgtool.com/og-image.png,https://fastimgtool.com/guides/image-to-base64-guide-1.html
image-to-base64-guide-2.html,PNG to JPG: The Complete Guide to Optimize Images,Stop slow websites! Learn how to convert PNG to JPG for faster load times and better SEO. Our step-by-step guide shows you the best tools and tips. #PNGtoJPG #ImageOptimization #WebPerformance #SEOTips #DigitalMarketing #BloggingTips #WebsiteSpeed,https://fastimgtool.com/og-image.png,https://fastimgtool.com/guides/image-to-base64-guide-2.html
image-to-base64-guide-3.html,WebP to JPG: The Ultimate Guide for Universal Compatibility,"Stop struggling with incompatible WebP files! Our complete guide shows you exactly how to convert them to JPG for any project. Easy steps, pro tips, and a free tool inside. #WebPtoJPG #ImageConverter #GraphicDesignTips #Compatibility #DigitalMarketing #HowToGuide #FreeTool",https://fastimgtool.com/og-image.png,https://fastimgtool.com/guides/image-to-base64-guide-3.html
image-to-base64-guide-4.html,Stuck with HEIC? Convert iPhone Photos to JPG in Seconds!,Our free guide shows you exactly how to convert HEIC to JPG for easy sharing on any device or website. Learn the fastest methods and fix compatibility issues for good! #HEICtoJPG #iPhoneTips #PhotoConversion #TechHowTo #DigitalPhotography #WindowsPC #FreeTool,https://fastimgtool.com/og-image.png,https://fastimgtool.com/guides/image-to-base64-guide-4.html
image-to-base64-guide-5.html,How to Convert an Image to Base64: A Developer's Guide,"Simplify your workflow! Learn how to convert images to Base64 text for use in HTML, CSS, and JSON. Our guide covers the why, how, and best practices. #Base64 #WebDevelopment #WebDesign #CodingTips #FrontEnd #DeveloperTools #HTML",https://fastimgtool.com/og-image.png,https://fastimgtool.com/guides/image-to-base64-guide-5.html
image-to-webp-guide-1.html,How to Convert JPG to PNG for Flawless Graphics,Stop blurry logos & graphics! Our ultimate guide shows you exactly how and why to convert JPG to PNG for perfect quality. Easy steps & pro tips inside. #JPGtoPNG #ImageConversion #GraphicDesign #LogoDesign #PNGvsJPG #DigitalMarketing #WebDesignTips,https://fastimgtool.com/og-image.png,https://fastimgtool.com/guides/image-to-webp-guide-1.html
image-to-webp-guide-2.html,PNG to JPG: Optimize Images for Faster Websites,Speed up your site and fix email bounce-backs! Learn how to convert PNG to JPG the right way with our free tool and expert tips. #PNGtoJPG #ImageOptimization #WebSpeed #DigitalMarketing #BloggingTips #FreeTools #WebsiteSEO,https://fastimgtool.com/og-image.png,https://fastimgtool.com/guides/image-to-webp-guide-2.html
