target_url,contact_page,site_name,page_title,email_body
https://smashingmagazine.com/blog/,https://smashingmagazine.com/contact/,smashingmagazine,Meow! Let’s talk! — Smashing Magazine,"Hi there,

I came across your site **smashingmagazine** – specifically the page ""Meow! Let’s talk! — Smashing Magazine"" – and I really appreciate the useful content you share with designers and photographers.

I run **FastImgTool** (fastimgtool.com), a free online image editor that works entirely in the browser. Users can resize, compress, convert, and edit images without any uploads – it's fast, private, and easy to use. We also have 180+ detailed guides covering various image editing topics.

I thought our tool might be a valuable addition to your page. If you agree, would you consider adding a link? I'd be happy to reciprocate or provide a guest post on a related topic.

Let me know what you think.

Best regards,
Rizwan
Founder, FastImgTool
"
https://sitepoint.com/,https://sitepoint.com/contact-us/,sitepoint,Attention Required! | Cloudflare,"Hi there,

I came across your site **sitepoint** – specifically the page ""Attention Required! | Cloudflare"" – and I really appreciate the useful content you share with designers and photographers.

I run **FastImgTool** (fastimgtool.com), a free online image editor that works entirely in the browser. Users can resize, compress, convert, and edit images without any uploads – it's fast, private, and easy to use. We also have 180+ detailed guides covering various image editing topics.

I thought our tool might be a valuable addition to your page. If you agree, would you consider adding a link? I'd be happy to reciprocate or provide a guest post on a related topic.

Let me know what you think.

Best regards,
Rizwan
Founder, FastImgTool
"
https://canva.com/resources/,https://www.canva.com/contact-sales/,canva,Just a moment...,"Hi there,

I came across your site **canva** – specifically the page ""Just a moment..."" – and I really appreciate the useful content you share with designers and photographers.

I run **FastImgTool** (fastimgtool.com), a free online image editor that works entirely in the browser. Users can resize, compress, convert, and edit images without any uploads – it's fast, private, and easy to use. We also have 180+ detailed guides covering various image editing topics.

I thought our tool might be a valuable addition to your page. If you agree, would you consider adding a link? I'd be happy to reciprocate or provide a guest post on a related topic.

Let me know what you think.

Best regards,
Rizwan
Founder, FastImgTool
"
https://envato.com/blog/tools/,https://envato.com/contact/,envato,Contact | Envato,"Hi there,

I came across your site **envato** – specifically the page ""Contact | Envato"" – and I really appreciate the useful content you share with designers and photographers.

I run **FastImgTool** (fastimgtool.com), a free online image editor that works entirely in the browser. Users can resize, compress, convert, and edit images without any uploads – it's fast, private, and easy to use. We also have 180+ detailed guides covering various image editing topics.

I thought our tool might be a valuable addition to your page. If you agree, would you consider adding a link? I'd be happy to reciprocate or provide a guest post on a related topic.

Let me know what you think.

Best regards,
Rizwan
Founder, FastImgTool
"
https://photographyblog.com/resources/,https://photographyblog.com/page/about#contact,photographyblog,About Photography Blog | Photography Blog,"Hi there,

I came across your site **photographyblog** – specifically the page ""About Photography Blog | Photography Blog"" – and I really appreciate the useful content you share with designers and photographers.

I run **FastImgTool** (fastimgtool.com), a free online image editor that works entirely in the browser. Users can resize, compress, convert, and edit images without any uploads – it's fast, private, and easy to use. We also have 180+ detailed guides covering various image editing topics.

I thought our tool might be a valuable addition to your page. If you agree, would you consider adding a link? I'd be happy to reciprocate or provide a guest post on a related topic.

Let me know what you think.

Best regards,
Rizwan
Founder, FastImgTool
"
https://creativebloq.com/resources/,https://futureplc.com/contact/,creativebloq,Contact our team - Future,"Hi there,

I came across your site **creativebloq** – specifically the page ""Contact our team - Future"" – and I really appreciate the useful content you share with designers and photographers.

I run **FastImgTool** (fastimgtool.com), a free online image editor that works entirely in the browser. Users can resize, compress, convert, and edit images without any uploads – it's fast, private, and easy to use. We also have 180+ detailed guides covering various image editing topics.

I thought our tool might be a valuable addition to your page. If you agree, would you consider adding a link? I'd be happy to reciprocate or provide a guest post on a related topic.

Let me know what you think.

Best regards,
Rizwan
Founder, FastImgTool
"
https://sitepoint.com/blog/,https://sitepoint.com/contact-us/,sitepoint,Attention Required! | Cloudflare,"Hi there,

I came across your site **sitepoint** – specifically the page ""Attention Required! | Cloudflare"" – and I really appreciate the useful content you share with designers and photographers.

I run **FastImgTool** (fastimgtool.com), a free online image editor that works entirely in the browser. Users can resize, compress, convert, and edit images without any uploads – it's fast, private, and easy to use. We also have 180+ detailed guides covering various image editing topics.

I thought our tool might be a valuable addition to your page. If you agree, would you consider adding a link? I'd be happy to reciprocate or provide a guest post on a related topic.

Let me know what you think.

Best regards,
Rizwan
Founder, FastImgTool
"
https://smashingmagazine.com/resources/,https://smashingmagazine.com/contact/,smashingmagazine,Meow! Let’s talk! — Smashing Magazine,"Hi there,

I came across your site **smashingmagazine** – specifically the page ""Meow! Let’s talk! — Smashing Magazine"" – and I really appreciate the useful content you share with designers and photographers.

I run **FastImgTool** (fastimgtool.com), a free online image editor that works entirely in the browser. Users can resize, compress, convert, and edit images without any uploads – it's fast, private, and easy to use. We also have 180+ detailed guides covering various image editing topics.

I thought our tool might be a valuable addition to your page. If you agree, would you consider adding a link? I'd be happy to reciprocate or provide a guest post on a related topic.

Let me know what you think.

Best regards,
Rizwan
Founder, FastImgTool
"
https://creativebloq.com/blog/,https://futureplc.com/contact/,creativebloq,Contact our team - Future,"Hi there,

I came across your site **creativebloq** – specifically the page ""Contact our team - Future"" – and I really appreciate the useful content you share with designers and photographers.

I run **FastImgTool** (fastimgtool.com), a free online image editor that works entirely in the browser. Users can resize, compress, convert, and edit images without any uploads – it's fast, private, and easy to use. We also have 180+ detailed guides covering various image editing topics.

I thought our tool might be a valuable addition to your page. If you agree, would you consider adding a link? I'd be happy to reciprocate or provide a guest post on a related topic.

Let me know what you think.

Best regards,
Rizwan
Founder, FastImgTool
"
https://tutsplus.com/,https://contactimpact.de/privacy,tutsplus,Contact Impact,"Hi there,

I came across your site **tutsplus** – specifically the page ""Contact Impact"" – and I really appreciate the useful content you share with designers and photographers.

I run **FastImgTool** (fastimgtool.com), a free online image editor that works entirely in the browser. Users can resize, compress, convert, and edit images without any uploads – it's fast, private, and easy to use. We also have 180+ detailed guides covering various image editing topics.

I thought our tool might be a valuable addition to your page. If you agree, would you consider adding a link? I'd be happy to reciprocate or provide a guest post on a related topic.

Let me know what you think.

Best regards,
Rizwan
Founder, FastImgTool
"
https://99designs.com/blog/tools/,https://99designs.com/about/contact,99designs,Support & Contact | 99designs,"Hi there,

I came across your site **99designs** – specifically the page ""Support & Contact | 99designs"" – and I really appreciate the useful content you share with designers and photographers.

I run **FastImgTool** (fastimgtool.com), a free online image editor that works entirely in the browser. Users can resize, compress, convert, and edit images without any uploads – it's fast, private, and easy to use. We also have 180+ detailed guides covering various image editing topics.

I thought our tool might be a valuable addition to your page. If you agree, would you consider adding a link? I'd be happy to reciprocate or provide a guest post on a related topic.

Let me know what you think.

Best regards,
Rizwan
Founder, FastImgTool
"
https://webdesign.tutsplus.com/,https://contactimpact.de/privacy,webdesign,Contact Impact,"Hi there,

I came across your site **webdesign** – specifically the page ""Contact Impact"" – and I really appreciate the useful content you share with designers and photographers.

I run **FastImgTool** (fastimgtool.com), a free online image editor that works entirely in the browser. Users can resize, compress, convert, and edit images without any uploads – it's fast, private, and easy to use. We also have 180+ detailed guides covering various image editing topics.

I thought our tool might be a valuable addition to your page. If you agree, would you consider adding a link? I'd be happy to reciprocate or provide a guest post on a related topic.

Let me know what you think.

Best regards,
Rizwan
Founder, FastImgTool
"
https://designbeep.com/,https://designbeep.com/contact/,designbeep,Contact - Designbeep,"Hi there,

I came across your site **designbeep** – specifically the page ""Contact - Designbeep"" – and I really appreciate the useful content you share with designers and photographers.

I run **FastImgTool** (fastimgtool.com), a free online image editor that works entirely in the browser. Users can resize, compress, convert, and edit images without any uploads – it's fast, private, and easy to use. We also have 180+ detailed guides covering various image editing topics.

I thought our tool might be a valuable addition to your page. If you agree, would you consider adding a link? I'd be happy to reciprocate or provide a guest post on a related topic.

Let me know what you think.

Best regards,
Rizwan
Founder, FastImgTool
"
https://webdesignerdepot.com/,https://webdesignerdepot.com/contact/,webdesignerdepot,Contact | Web Designer Depot,"Hi there,

I came across your site **webdesignerdepot** – specifically the page ""Contact | Web Designer Depot"" – and I really appreciate the useful content you share with designers and photographers.

I run **FastImgTool** (fastimgtool.com), a free online image editor that works entirely in the browser. Users can resize, compress, convert, and edit images without any uploads – it's fast, private, and easy to use. We also have 180+ detailed guides covering various image editing topics.

I thought our tool might be a valuable addition to your page. If you agree, would you consider adding a link? I'd be happy to reciprocate or provide a guest post on a related topic.

Let me know what you think.

Best regards,
Rizwan
Founder, FastImgTool
"
https://photographyblog.com/blog/,https://photographyblog.com/page/about#contact,photographyblog,About Photography Blog | Photography Blog,"Hi there,

I came across your site **photographyblog** – specifically the page ""About Photography Blog | Photography Blog"" – and I really appreciate the useful content you share with designers and photographers.

I run **FastImgTool** (fastimgtool.com), a free online image editor that works entirely in the browser. Users can resize, compress, convert, and edit images without any uploads – it's fast, private, and easy to use. We also have 180+ detailed guides covering various image editing topics.

I thought our tool might be a valuable addition to your page. If you agree, would you consider adding a link? I'd be happy to reciprocate or provide a guest post on a related topic.

Let me know what you think.

Best regards,
Rizwan
Founder, FastImgTool
"
https://digitalcameraworld.com/,https://futureplc.com/contact/,digitalcameraworld,Contact our team - Future,"Hi there,

I came across your site **digitalcameraworld** – specifically the page ""Contact our team - Future"" – and I really appreciate the useful content you share with designers and photographers.

I run **FastImgTool** (fastimgtool.com), a free online image editor that works entirely in the browser. Users can resize, compress, convert, and edit images without any uploads – it's fast, private, and easy to use. We also have 180+ detailed guides covering various image editing topics.

I thought our tool might be a valuable addition to your page. If you agree, would you consider adding a link? I'd be happy to reciprocate or provide a guest post on a related topic.

Let me know what you think.

Best regards,
Rizwan
Founder, FastImgTool
"
https://envato.com/blog/,https://www.envato.com/contact,envato,Contact | Envato,"Hi there,

I came across your site **envato** – specifically the page ""Contact | Envato"" – and I really appreciate the useful content you share with designers and photographers.

I run **FastImgTool** (fastimgtool.com), a free online image editor that works entirely in the browser. Users can resize, compress, convert, and edit images without any uploads – it's fast, private, and easy to use. We also have 180+ detailed guides covering various image editing topics.

I thought our tool might be a valuable addition to your page. If you agree, would you consider adding a link? I'd be happy to reciprocate or provide a guest post on a related topic.

Let me know what you think.

Best regards,
Rizwan
Founder, FastImgTool
"
https://line25.com/tools/,https://line25.com/contact/,line25,Contact,"Hi there,

I came across your site **line25** – specifically the page ""Contact"" – and I really appreciate the useful content you share with designers and photographers.

I run **FastImgTool** (fastimgtool.com), a free online image editor that works entirely in the browser. Users can resize, compress, convert, and edit images without any uploads – it's fast, private, and easy to use. We also have 180+ detailed guides covering various image editing topics.

I thought our tool might be a valuable addition to your page. If you agree, would you consider adding a link? I'd be happy to reciprocate or provide a guest post on a related topic.

Let me know what you think.

Best regards,
Rizwan
Founder, FastImgTool
"
https://webdesign.tutsplus.com/resources/,https://contactimpact.de/privacy,webdesign,Contact Impact,"Hi there,

I came across your site **webdesign** – specifically the page ""Contact Impact"" – and I really appreciate the useful content you share with designers and photographers.

I run **FastImgTool** (fastimgtool.com), a free online image editor that works entirely in the browser. Users can resize, compress, convert, and edit images without any uploads – it's fast, private, and easy to use. We also have 180+ detailed guides covering various image editing topics.

I thought our tool might be a valuable addition to your page. If you agree, would you consider adding a link? I'd be happy to reciprocate or provide a guest post on a related topic.

Let me know what you think.

Best regards,
Rizwan
Founder, FastImgTool
"
https://designmodo.com/,https://designmodo.com/contacts/,designmodo,Just a moment...,"Hi there,

I came across your site **designmodo** – specifically the page ""Just a moment..."" – and I really appreciate the useful content you share with designers and photographers.

I run **FastImgTool** (fastimgtool.com), a free online image editor that works entirely in the browser. Users can resize, compress, convert, and edit images without any uploads – it's fast, private, and easy to use. We also have 180+ detailed guides covering various image editing topics.

I thought our tool might be a valuable addition to your page. If you agree, would you consider adding a link? I'd be happy to reciprocate or provide a guest post on a related topic.

Let me know what you think.

Best regards,
Rizwan
Founder, FastImgTool
"
