Guide File,Pin Title,Pin Description,Image URL Placeholder
batch-convert-png-to-jpg.html,Batch Convert PNG to JPG: Save Time & Disk Space,Stop uploading huge PNGs! Learn the fastest way to batch convert PNG to JPG files for smaller sizes and easier sharing. Our step-by-step guide saves you hours. #PNGtoJPG #BatchConvert #FileConversion #ProductivityTips #DigitalOrganization #SaveDiskSpace #TechHowTo,https://fastimgtool.com/og-image.png
base64-to-image-guide-1.html,How to Convert JPG to PNG Using Base64,"Unlock transparency & lossless quality! Our complete guide shows you how to convert JPG to PNG using the Base64 method, with step-by-step instructions and pro tips. #ImageConversion #JPGtoPNG #Base64 #GraphicDesignTips #DigitalMarketing #TechHowTo #WebDevelopment",https://fastimgtool.com/og-image.png
base64-to-image-guide-2.html,How to Convert PNG to JPG: The Complete 2024 Guide,"Stop struggling with large files! Learn the fastest ways to convert PNG to JPG while balancing quality and file size. Our step-by-step guide covers online tools, software, and pro tips. #PNGtoJPG #ImageConversion #FileFormat #DigitalMarketing #GraphicDesign #TechTips #Productivity",https://fastimgtool.com/og-image.png
base64-to-image-guide-3.html,How to Convert WEBP to JPG Easily (Free Tool Guide),Stuck with a WEBP file? Our complete guide shows you exactly how to convert WEBP to JPG in seconds using a free online tool. Get step-by-step instructions and expert tips! #WEBPtoJPG #ImageConverter #FreeTool #TechTips #GraphicDesign #HowToGuide #DigitalMarketing,https://fastimgtool.com/og-image.png
base64-to-image-guide-4.html,How to Convert HEIC to JPG for Free in 2024,Struggling with HEIC files from your iPhone? Our complete guide shows you the easiest ways to convert HEIC to JPG for free. Learn step-by-step methods for any device! #HEICtoJPG #iPhoneTips #PhotoConversion #TechGuide #HowTo #WindowsTips #FreeTool,https://fastimgtool.com/og-image.png
base64-to-image-guide-5.html,How to Convert an Image to Base64: The Ultimate Guide,Stop managing tiny image files! Learn to encode images to Base64 text for web projects & APIs. Our step-by-step guide & free tool make it easy. #Base64 #WebDevelopment #CodingTips #WebDesign #APIs #TechTutorial #Programming,https://fastimgtool.com/og-image.png
batch-convert-jpg-to-png.html,Batch Convert JPG to PNG: The Ultimate Time-Saving Guide,"Stop converting images one by one! This ultimate guide reveals the fastest, safest methods to batch convert JPG to PNG for free. Step-by-step tutorials for Windows, Mac, and online tools. #GraphicDesignTips #ProductivityHack #BatchConvert #JPGtoPNG #DesignWorkflow #TimeSaving #FreeTools",https://fastimgtool.com/og-image.png
batch-convert-png-to-jpg.html,Batch Convert PNG to JPG: Save Time & Disk Space,Stop wasting time on single file conversions! Our ultimate guide shows you how to batch convert PNG to JPG quickly and privately. Save hours and free up valuable storage space. #PNGtoJPG #BatchConvert #FileConversion #TechTips #SaveStorage #ProductivityHacks #DigitalOrganization,https://fastimgtool.com/og-image.png
batch-convert-webp-to-jpg.html,How to Convert Images to WebP for a Faster Website,Speed up your site & boost SEO! Our ultimate guide shows you exactly how to convert images to WebP step-by-step. Slash load times and improve user experience. #WebP #PageSpeed #SEO #WebPerformance #ImageOptimization #WebsiteTips #WebDesign,https://fastimgtool.com/og-image.png
blur-face-in-image.html,How to Blur a Face in a Photo | Ultimate Privacy Guide,Protect identities online! Our step-by-step guide shows you how to blur a face in any image using free tools & pro techniques. Perfect for bloggers & social media. #BlurFace #PhotoEditing #PrivacyProtection #DigitalSafety #PhotoTips #Tutorial #SocialMediaTips,https://fastimgtool.com/og-image.png
blur-image-background.html,How to Blur a Photo Background: Easy Step-by-Step Guide,Make your subject pop! Learn how to blur photo backgrounds with easy online tools and pro editing tips. Our complete guide has everything you need for stunning results. #PhotoEditing #BlurBackground #BokehEffect #PhotographyTips #EditPhotos #BeginnerPhotography #DIYPhotoEdit,https://fastimgtool.com/og-image.png
blur-image-for-privacy.html,How to Blur Parts of a Video for Privacy & Polish,"Learn to blur faces, text & objects in videos! Our ultimate guide has step-by-step tutorials for privacy protection and professional editing. #VideoEditing #VideoTips #PrivacyProtection #HowToEditVideos #ContentCreator #DIYVideo #TechTips",https://fastimgtool.com/og-image.png
bmp-to-jpg-guide-1.html,JPG to PNG: The Ultimate Conversion Guide,"Stop losing image quality! Learn exactly when and how to convert JPG to PNG for crisp logos, transparent backgrounds, and perfect graphics. #JPGtoPNG #ImageConversion #GraphicDesignTips #DigitalMarketing #LogoDesign #TransparentBackground #FreeTools",https://fastimgtool.com/og-image.png
bmp-to-jpg-guide-2.html,PNG to JPG Made Easy: Simplify & Shrink Your Files,"Stop struggling with large PNG files! Our ultimate guide shows you why and how to convert PNG to JPG for better compatibility and faster loading. Use our free tool for quick, high-quality conversions. #PNGtoJPG #ImageConverter #DigitalWorkflow #GraphicDesignTips #FileFormat #FreeTool #TechHowTo",https://fastimgtool.com/og-image.png
bmp-to-jpg-guide-3.html,Stuck with a WEBP file? Convert WEBP to JPG in seconds!,"Our ultimate guide shows you why & how to convert WEBP to JPG easily. Use our free online tool for fast, hassle-free conversion! #WEBPtoJPG #ImageConverter #DigitalMarketing #ContentCreator #TechTips #FreeTool #GraphicDesign",https://fastimgtool.com/og-image.png
bmp-to-jpg-guide-4.html,Convert HEIC to JPG: Your 2024 Guide for Any Device,"Stop struggling with incompatible HEIC files! Our ultimate guide shows you the fastest, easiest ways to convert HEIC to JPG for universal sharing. #HEICtoJPG #PhotoTips #TechGuide #iPhoneTips #HowTo #DigitalOrganization #PhotoEditing",https://fastimgtool.com/og-image.png
bmp-to-jpg-guide-5.html,How to Convert an Image to Base64: The Ultimate Guide,"Stop broken image links! Learn how to convert any image to Base64 text for perfect embedding in HTML, CSS, and APIs. Our step-by-step guide makes it simple. #Base64 #WebDevelopment #HTML #CSS #CodingTips #WebDesign #APIs",https://fastimgtool.com/og-image.png
compress-image-for-email.html,How to Compress Images for Email (Stop Bounce-Backs!),"Stop emails from bouncing back! Our ultimate guide shows you step-by-step how to compress images for email on Windows, Mac & online. Send large photos like a pro. #EmailTips #ImageCompression #HowToGuide #TechTips #Productivity #DigitalMarketing #SmallBusiness",https://fastimgtool.com/og-image.png
compress-image-for-website.html,Compress Images for Website Speed & SEO 🚀,"Master image compression with our ultimate guide! Learn why it's critical for SEO & page speed, plus get step-by-step instructions and pro tips. #ImageCompression #WebsiteSpeed #SEO #WebOptimization #PageSpeed #WebDesignTips #WordPress",https://fastimgtool.com/og-image.png
compress-image-for-whatsapp.html,How to Compress Images for WhatsApp (Without Losing Quality!),Stop blurry photos! Learn how to compress images for WhatsApp quickly using mobile apps and desktop tools. Our guide keeps your pics sharp for faster sharing. #WhatsAppTips #ImageCompression #TechHowTo #DigitalTips #PhotoEditing #SmartphoneHacks #ShareFaster,https://fastimgtool.com/og-image.png
compress-image-without-losing-quality.html,How to Compress Images Without Losing Quality (2024 Guide),"Stop letting slow websites & bounced emails frustrate you! Master image compression to keep your visuals fast, sharp, and shareable. Our definitive 2024 guide shows you how. #ImageCompression #WebOptimization #DigitalMarketing #SocialMediaTips #WebsiteSpeed #PhotoEditing #TechGuide",https://fastimgtool.com/og-image.png
convert-image-to-black-and-white.html,Master Black & White Photos: Your Ultimate Conversion Guide,"Learn step-by-step how to convert color photos into stunning, powerful black & white art. Discover professional techniques for emotion, light, and texture. #BlackAndWhitePhotography #Monochrome #PhotoEditing #BWTips #PhotographyGuide #EditingTutorial #CreativePhotography",https://fastimgtool.com/og-image.png
convert-jpg-to-png-for-printing.html,The Best Image Format for Prints? Convert to PNG!,"Stop blurry prints! Learn why PNG is the go-to format for crisp, high-quality prints and how to convert your images in minutes. #PNG #PrintingTips #ImageConversion #DIYPrint #GraphicDesign #PhotoPrint #HighQualityPrint",https://fastimgtool.com/og-image.png
convert-jpg-to-png-for-web.html,Convert JPG to PNG: The Ultimate Guide for Web Images,Stop blurry logos and clunky website images! Our definitive guide shows you exactly when and how to convert JPG to PNG for sharper graphics and faster site speed. #WebDesignTips #ImageOptimization #PNGvsJPG #WebsitePerformance #GraphicDesign #WebDeveloper #SEO,https://fastimgtool.com/og-image.png
convert-jpg-to-png-with-transparency.html,How to Convert JPG to PNG with a Transparent Background,"Master the art of removing backgrounds and converting JPGs to transparent PNGs! Our ultimate guide covers Photoshop, free tools, and pro tips for flawless results. #GraphicDesignTips #PhotoEditing #JPGoPNG #TransparentBackground #DesignTutorial #DigitalMarketing #PhotoshopTutorial",https://fastimgtool.com/og-image.png
convert-photo-to-black-and-white.html,How to Convert a Photo to Grayscale Like a Pro (2024 Guide),"Unlock the soul of your photos! Our complete guide shows you how to master black & white conversion for stunning, timeless images. #Grayscale #BlackAndWhitePhotography #PhotoEditing #DigitalArt #PhotographyTips #BWTutorial #CreativeEditing",https://fastimgtool.com/og-image.png
convert-png-to-jpg-for-email.html,Shrink Image Files Fast: Convert PNG to JPG Guide,Stuck with huge PNG files? Learn how to easily convert PNG to JPG to shrink file sizes for faster websites & emails. Step-by-step tutorial inside! #PNGtoJPG #ImageConverter #ReduceFileSize #DigitalMarketingTips #WebsiteOptimization #SocialMediaTips #TechHowTo,https://fastimgtool.com/og-image.png
convert-png-to-jpg-for-website.html,PNG to JPG: Speed Up Your Website Instantly,"Stop slow loading images! Our ultimate guide shows you exactly how to convert PNG to JPG for a faster, more efficient website. Boost performance and improve user experience in just a few steps. #WebsiteSpeed #ImageOptimization #PNGtoJPG #WebPerformance #SEO #DigitalMarketing #WebDesignTips",https://fastimgtool.com/og-image.png
convert-png-to-jpg-with-white-background.html,"How to Convert PNG to JPG: Sharper, Smaller Files Fast",Stop struggling with large PNG files! Learn how to convert PNG to JPG without losing quality. Our ultimate guide covers the best tools and step-by-step methods. #PNGtoJPG #ImageConversion #FileFormat #DigitalMarketing #GraphicDesign #TechTips #PhotoEditing,https://fastimgtool.com/og-image.png
convert-webp-to-jpg-for-email.html,How to Convert WEBP to JPG: The Ultimate Guide,"Stuck with a WEBP file? Our guide shows you why JPG is better for compatibility and 4 easy ways to convert, including a free online tool. Save and share your images anywhere! #WEBPtoJPG #ImageConverter #TechTips #DigitalMarketing #GraphicDesign #HowToGuide #FreeTool",https://fastimgtool.com/og-image.png
convert-webp-to-jpg-for-wordpress.html,Can't Upload WEBP to WordPress? Convert to JPG Easily!,Stuck with a WEBP file WordPress won't accept? Our ultimate guide shows you multiple fast methods to convert WEBP to JPG for perfect compatibility. Fix upload errors and use any image on your site! #WordPressTips #WEBPtoJPG #ImageConversion #WebsiteManagement #BloggingTips #TechHowTo #WordPressHelp,https://fastimgtool.com/og-image.png
convert-webp-to-jpg.html,How to Convert HTML to PDF: The Ultimate 2024 Guide,"Stop struggling with web-to-document formatting! Our ultimate guide shows you step-by-step methods and the best tools to create professional, print-ready PDFs from any HTML. Save time and ensure perfect documents every time. #HTMLtoPDF #WebDev #ProductivityTips #PDFGuide #TechHowTo #WebDesign #PrintReady",https://fastimgtool.com/og-image.png
crop-image-aspect-ratio.html,How to Calculate Aspect Ratio for Perfect Visuals,"Stop awkward cropping & distortion! Our ultimate guide teaches you how to calculate aspect ratio for flawless photos, videos, and designs. #AspectRatio #DesignTips #VideoEditing #SocialMediaMarketing #GraphicDesign #ContentCreation #DigitalMarketing",https://fastimgtool.com/og-image.png
crop-image-for-passport.html,How to Crop a Passport Photo Perfectly | Foolproof Guide,"Stop passport photo rejections! Our step-by-step guide covers official size requirements for the US, UK, Canada & more, plus the best DIY cropping tools. #PassportPhoto #TravelTips #DIYPhoto #TravelHacks #PhotoEditing #VisaApplication #TravelPrep",https://fastimgtool.com/og-image.png
crop-image-for-website.html,The Ultimate Guide to Image Cropping for Perfect Fit,Master the art of cropping images! Our step-by-step guide shows you why it matters and the fastest way to crop online. #ImageCropping #PhotoEditing #GraphicDesign #DigitalMarketing #SocialMediaTips #HowToGuide #CropImages,https://fastimgtool.com/og-image.png
crop-image-to-square.html,The Ultimate Guide to Square Cropping Your Images,"Stop letting social media crop your photos! Learn how to perfectly square crop any image for a stunning, cohesive feed. Fast, free tool included. #squarecrop #phototips #socialmediamarketing #instagramtips #graphicdesign #contentcreation #photography",https://fastimgtool.com/og-image.png
flip-image-for-design.html,How to Flip an Image: Master Symmetry & Composition,Unlock the power of image flipping! Our ultimate guide shows you why and how to flip images for perfect balance and creative impact. #GraphicDesignTips #PhotoEditing #HowToFlipImage #DesignTutorial #Symmetry #Composition #DigitalArt,https://fastimgtool.com/og-image.png
flip-image-guide-1.html,How to Blur an Image: A Complete Guide for Focus & Privacy,"Learn how to blur images for stunning portraits, privacy, and creative art. Our easy step-by-step guide makes professional photo editing simple for everyone. #ImageBlur #PhotoEditing #PhotoTips #Privacy #BlurBackground #DIYEditing #FlipImage",https://fastimgtool.com/og-image.png
flip-image-guide-2.html,How to Sharpen an Image Online for Crisper Photos,Fix blurry photos in seconds with this free online guide! Learn the simple steps to sharpen your images and make every detail pop. #PhotoEditing #SharpenImage #FreeTools #ImageQuality #PhotographyTips #DigitalMarketing #ContentCreation,https://fastimgtool.com/og-image.png
flip-image-guide-3.html,The Ultimate Guide to Grayscale Images | Convert Photos,Learn how to convert any image to stunning grayscale in seconds. Our step-by-step guide reveals the best tools and techniques for powerful black & white photos. #grayscale #blackandwhite #phototips #imageediting #photography #tutorial #flipimage,https://fastimgtool.com/og-image.png
flip-image-guide-4.html,How to Invert Image Colors for Stunning Visuals,Unlock creative effects & boost accessibility! Our complete guide shows you the easiest way to invert colors step-by-step using a free online tool. #GraphicDesignTips #PhotoEditing #ColorInvert #DigitalArt #Accessibility #DesignHack #FreeTools,https://fastimgtool.com/og-image.png
flip-image-guide-5.html,How to Add a Beautiful Sepia Tone to Photos (Free Guide),"Transform your photos with a warm, nostalgic sepia tone! Our step-by-step guide makes it easy for anyone. #SepiaTone #PhotoEditing #VintagePhotos #PhotoTutorial #FreeTools #Nostalgic #PhotographyTips",https://fastimgtool.com/og-image.png
flip-image-horizontally.html,How to Flip an Image Horizontally: A Simple Guide,"Unlock a powerful creative tool! Our step-by-step guide shows you why and how to flip images, from fixing photos to creating perfect designs. #graphicdesign #phototips #imagetutorial #digitalart #photoshop #canva #creatortips",https://fastimgtool.com/og-image.png
flip-image-vertically.html,How to Flip an Image Vertically: A Simple Guide,Unlock creativity & fix design flaws by learning to flip images upside down! Our step-by-step guide covers tools for every skill level. #GraphicDesignTips #PhotoEditing #DigitalArt #HowToGuide #CreativeTutorial #DesignHacks #ImageFlip,https://fastimgtool.com/og-image.png
flip-vs-rotate.html,How to Flip & Rotate Images: The Ultimate Guide,Master flipping and rotating to fix photos and boost creativity! Our step-by-step guide and free tools make it easy. #ImageEditing #PhotoTips #GraphicDesign #HowToGuide #DigitalArt #PhotoEditing #DesignTips,https://fastimgtool.com/og-image.png
gaussian-blur-vs-motion-blur.html,How to Blur an Image Online: A Simple 2024 Guide,Learn to blur images for privacy & style! Our step-by-step guide shows you how to hide info and create focus with free online tools. #ImageEditing #PhotoBlur #OnlineTools #PrivacyTips #GraphicDesign #HowToGuide #DigitalArt,https://fastimgtool.com/og-image.png
gif-to-png-guide-1.html,How to Convert JPG to PNG Perfectly | 2024 Guide,Stop losing image quality! Our complete guide shows you the easy steps to convert JPG to PNG for crisp logos and transparent backgrounds. Get the best tools and pro tips inside. #JPGtoPNG #ImageConverter #GraphicDesignTips #DigitalMarketing #PNGFormat #PhotoEditing #TechHowTo,https://fastimgtool.com/og-image.png
gif-to-png-guide-2.html,PNG to JPG Made Easy: Your 2024 Conversion Guide,Struggling with large image files? Learn how to convert PNG to JPG quickly to improve website speed and save storage. Our step-by-step guide and free tool make it simple! #PNGtoJPG #ImageConversion #FileFormat #DigitalMarketing #WebsiteSpeed #FreeTool #TechTips,https://fastimgtool.com/og-image.png
gif-to-png-guide-3.html,How to Convert WebP to JPG Fast (2024 Guide),"Stop struggling with incompatible WebP files! Our ultimate guide shows you the quickest way to convert WebP to JPG online, plus easy alternative methods. #WebPtoJPG #ImageConverter #GraphicDesignTips #DigitalMarketing #TechHowTo #WorkflowHacks #PhotoEditing",https://fastimgtool.com/og-image.png
gif-to-png-guide-4.html,Convert HEIC to JPG: The Ultimate Guide,Struggling with HEIC files from your iPhone? Our ultimate guide shows you the easiest ways to convert them to JPG for universal compatibility. Learn step-by-step methods and tips inside! #HEICtoJPG #PhotoConversion #iPhoneTips #TechGuide #FileFormat #HowTo #DigitalPhotos,https://fastimgtool.com/og-image.png
gif-to-png-guide-5.html,How to Convert an Image to Base64: A Simple Guide,Embed images directly into your HTML or CSS code! Our step-by-step guide shows you how to convert any image to Base64 format to reduce server requests and speed up your site. #WebDevelopment #CodingTips #Base64 #HTML #CSS #WebDesign #TechTips,https://fastimgtool.com/og-image.png
grayscale-vs-sepia.html,How to Convert an Image to Grayscale in Seconds,Our complete guide shows you why and how to convert images to black & white. Learn manual methods or use our free online tool for perfect results! #Grayscale #ImageEditing #BlackAndWhite #PhotoEditingTips #DesignTutorial #FreeTool #DigitalArt,https://fastimgtool.com/og-image.png
heic-to-jpg-guide-1.html,How to Convert JPG to PNG for Perfect Images,"Stop losing image quality! Learn exactly when and how to convert JPG to PNG for logos, graphics, and transparent backgrounds. Our ultimate guide has all the steps. #JPGtoPNG #ImageConversion #GraphicDesignTips #PNGvsJPG #DigitalMarketing #PhotoEditing #TechHowTo",https://fastimgtool.com/og-image.png
heic-to-jpg-guide-2.html,How to Convert PNG to JPG: The Ultimate 2024 Guide,Stop struggling with slow sites & large files! Our ultimate guide shows you exactly how to convert PNG to JPG for better performance and compatibility. Step-by-step instructions & pro tips inside. #PNGtoJPG #ImageConversion #FileFormat #WebOptimization #DigitalMarketing #TechTips #Productivity,https://fastimgtool.com/og-image.png
heic-to-jpg-guide-3.html,How to Convert WEBP to JPG Easily (Free Tool!),Stuck with a WEBP file? Our complete guide shows you the fastest way to convert it to a universal JPG. Learn the best free tool and pro tips for perfect quality every time. #WEBPtoJPG #ImageConverter #FreeTool #DigitalMarketing #GraphicDesign #TechTips #ProductivityHack,https://fastimgtool.com/og-image.png
heic-to-jpg-guide-4.html,Stuck with HEIC? Convert to JPG in Seconds! 🖼️➡️📸,Our free online tool makes converting iPhone HEIC images to universal JPG format quick and easy. Get step-by-step instructions and solve your cross-platform photo problems! #HEICtoJPG #ConvertHEIC #iPhoneTips #PhotoEditing #TechHowTo #WindowsHelp #FreeOnlineTool,https://fastimgtool.com/og-image.png
heic-to-jpg-guide-5.html,Convert Images to Base64: The Ultimate Developer Guide,Learn to encode HEIC & other images into Base64 strings for web projects. Step-by-step guide for optimal performance. #Base64 #WebDevelopment #CodingTips #HEIC #WebDesign #DeveloperTools #FrontEnd,https://fastimgtool.com/og-image.png
how-to-blur-image-online.html,How to Blur an Image Online for Free (2024 Guide),"Learn to hide sensitive info or add artistic blur to images in seconds. Our complete free guide shows you the easiest methods, no software download needed! #BlurImage #PhotoEditing #OnlineEditor #FreeTools #Privacy #DigitalArt #HowToGuide",https://fastimgtool.com/og-image.png
how-to-compress-image-online.html,How to Compress Images Online for Free (2024 Guide),"Stop slow websites & email errors! Our ultimate guide shows you exactly how to reduce image file size for free. Master compression tools, pro tips, and alternative methods. #ImageCompression #FreeTools #WebOptimization #DigitalMarketing #BloggingTips #Productivity #HowToGuide",https://fastimgtool.com/og-image.png
how-to-convert-image-to-grayscale.html,Master Monochrome: Your Guide to Perfect Grayscale Images,"Learn the art of black & white photography! Our complete guide shows you how to convert images to grayscale for stunning, timeless visuals. #grayscalephotography #blackandwhiteedit #monochrometips #photoguide #imageediting #designinspiration #photographyhacks",https://fastimgtool.com/og-image.png
how-to-convert-jpg-to-png.html,Convert JPG to PNG Fast & Free! ✨,"Need a transparent background or lossless quality? Learn how to convert JPG to PNG easily with our step-by-step guide. Free, private, and no signup required! #JPGtoPNG #ImageConverter #GraphicDesignTips #FreeTools #DigitalMarketing #PhotoEditing #TransparentBackground",https://fastimgtool.com/og-image.png
how-to-convert-png-to-jpg.html,"How to Convert PNG to JPG: The Simple, Complete Guide","Stop struggling with large files! Learn the easiest ways to convert PNG to JPG using online tools, software, and pro tips for perfect quality. Save storage and share images anywhere. #PNGtoJPG #ImageConverter #FileConversion #DigitalTips #PhotoEditing #TechHowTo #ProductivityHacks",https://fastimgtool.com/og-image.png
how-to-convert-webp-to-jpg.html,How to Convert WEBP to JPG for Any Platform,Can't open a WEBP file? Our ultimate guide shows you the fastest ways to convert WEBP to JPG for universal compatibility. Step-by-step tutorials for any device! #WEBPtoJPG #ImageConverter #TechTips #WebsiteTools #DigitalMarketing #SocialMediaTips #HowToGuide,https://fastimgtool.com/og-image.png
how-to-crop-image-online.html,How to Crop an Image Online for Free (2024 Guide),Learn to crop images perfectly for any platform—no software needed! Our complete free guide covers the best tools and pro techniques. #CropImage #PhotoEditing #FreeTools #DigitalMarketing #SocialMediaTips #GraphicDesign #HowToGuide,https://fastimgtool.com/og-image.png
how-to-flip-image-online.html,How to Flip an Image for Perfect Composition,Transform your photos & designs instantly! Learn why and how to flip images horizontally or vertically with our free tool. Step-by-step guide inside. #ImageEditing #PhotoTips #GraphicDesign #HowToGuide #DigitalArt #PhotoEditing #DesignHack,https://fastimgtool.com/og-image.png
how-to-resize-image-online.html,How to Resize an Image Online for Free (2024 Guide),"Stop struggling with slow websites & large files! Our ultimate guide shows you how to resize images perfectly for any platform with a free, private tool. #ImageResizing #DigitalMarketingTips #SocialMediaTips #GraphicDesign #PhotoEditing #HowToGuide #TechTips",https://fastimgtool.com/og-image.png
how-to-rotate-image-online.html,How to Rotate a Photo: Fix & Flip Images in Seconds,"Stop posting crooked photos! Our ultimate guide shows you the simple steps to rotate, flip, and creatively adjust any image for a perfect look. #phototips #imagerotation #photoediting #digitalart #howto #photography #creativetips",https://fastimgtool.com/og-image.png
how-to-sharpen-image-online.html,Sharpen Image Online for Free ⚡ Fast & Private Tool,"Learn how to sharpen any image instantly in your browser. Our free, step-by-step guide shows you how to enhance photo details and clarity with no uploads or sign-up required. #SharpenImage #PhotoEditing #FreeTools #ImageSharpener #OnlineEditor #PhotoTips #ProductivityHacks",https://fastimgtool.com/og-image.png
image-blur-guide-1.html,Master Image Blur: The Ultimate Guide for Creators,"Learn why, when, and how to blur images for focus, privacy, and style. Our step-by-step guide makes it easy to create stunning, professional visuals. #ImageEditing #BlurEffect #PhotoTips #GraphicDesign #HowToGuide #VisualStorytelling #DIYDesign",https://fastimgtool.com/og-image.png
image-blur-guide-2.html,How to Sharpen Blurry Photos Online for Free,"Transform soft, blurry images into crisp, professional visuals with our simple guide. Learn the best free online tool and step-by-step process to fix focus and enhance any photo's clarity. #SharpenImage #PhotoEditing #ImageBlur #FixBlurryPhotos #FreeTools #PhotoTips #DigitalMarketing",https://fastimgtool.com/og-image.png
image-blur-guide-3.html,How to Convert an Image to Grayscale in Seconds,Learn the simple steps to create stunning black & white photos. Our free guide reveals powerful techniques to emphasize texture and emotion. #Grayscale #BlackAndWhite #PhotoEditing #ImageConverter #DesignTips #Photography #FreeTool,https://fastimgtool.com/og-image.png
image-blur-guide-4.html,Invert Image Colors: The Ultimate Creative Guide,"Unlock hidden details & artistic effects! Our step-by-step guide shows you how to invert colors for stunning edits, better accessibility, and creative projects. #invertcolors #photoediting #digitalart #photographytips #accesibledesign #creativetutorial #imageblur",https://fastimgtool.com/og-image.png
image-blur-guide-5.html,How to Add Sepia Tone to Images: Easy Step-by-Step Guide,"Learn how to add a beautiful, nostalgic sepia effect to your photos. Our complete guide covers the best tools and pro tips for the perfect vintage look. #SepiaTone #PhotoEditing #VintagePhotos #PhotoTips #Tutorial #ImageBlur #Nostalgia",https://fastimgtool.com/og-image.png
image-brightness-guide-1.html,How to Blur an Image for Stunning Photos (Complete Guide),"Master the art of blur to make your subject pop! Our complete guide shows you why, when, and exactly how to blur images step-by-step. #PhotoEditing #BlurEffect #PhotoTips #ImageBlur #Tutorial #Photography #DigitalArt",https://fastimgtool.com/og-image.png
image-brightness-guide-2.html,How to Sharpen an Image Online for Free | Crisp Photos Guide,"Learn how to sharpen blurry photos online for free with our step-by-step guide. Get crystal-clear, professional-looking images in minutes! #ImageSharpening #PhotoEditing #FreeTools #HowToEditPhotos #PhotoTips #DigitalPhotography #OnlineEditor",https://fastimgtool.com/og-image.png
image-brightness-guide-3.html,Master the Art of Grayscale: Your Ultimate B&W Conversion Guide,Transform your photos by mastering black & white. Our detailed guide reveals the professional techniques for powerful monochrome conversions. #Grayscale #BlackAndWhitePhotography #PhotoEditing #Monochrome #DesignTips #BWFilter #DigitalArt,https://fastimgtool.com/og-image.png
image-brightness-guide-4.html,How to Invert Image Colors for Stunning Creative Effects,"Unlock a hidden world in your photos! Our step-by-step guide makes color inversion easy for unique art, better accessibility, and pro design work. #GraphicDesignTips #PhotoEditing #ColorInversion #CreativeIdeas #DigitalArt #DesignHack #FreeTools",https://fastimgtool.com/og-image.png
image-brightness-guide-5.html,The Complete Guide to Adding a Sepia Tone to Images,"Transform your photos with a warm, nostalgic sepia tone! Our step-by-step guide makes it easy, even for beginners. #SepiaTone #PhotoEditing #VintagePhotos #PhotoTips #FreeTool #ImageEditing #Nostalgic",https://fastimgtool.com/og-image.png
image-compressor-guide-1.html,How to Compress Images for Email (2024 Guide),"Stop getting ""attachment too large"" errors! Our ultimate guide shows you how to compress images for email quickly without losing quality. Ensure fast delivery and perfect visuals every time. #EmailTips #ImageCompression #HowToGuide #TechTips #Productivity #DigitalMarketing #EmailMarketing",https://fastimgtool.com/og-image.png
image-compressor-guide-2.html,How to Compress Images for WhatsApp in Seconds 📱,Stop waiting for photos to send! Our ultimate guide shows you how to quickly compress images for faster WhatsApp sharing and fewer errors. Save data and share moments instantly. #CompressImages #WhatsAppTips #ImageCompressor #TechTips #DigitalMarketing #SocialMediaTips #SmartphoneHacks,https://fastimgtool.com/og-image.png
image-compressor-guide-3.html,Speed Up Your Site: The Ultimate Guide to Compress Images for Website,Stop losing visitors to slow loading images! Our step-by-step guide shows you exactly how to compress images to boost site speed & SEO. #imagecompression #websiteoptimization #webdesign #seotips #pagespeed #webperformance #fastwebsite,https://fastimgtool.com/og-image.png
image-compressor-guide-4.html,Compress Images Without Losing Quality: The Complete Guide,Stop slow websites & email limits! Learn how to shrink image file sizes while keeping them crisp and clear. Our step-by-step guide reveals the best tools and expert tips. #ImageCompression #WebDesignTips #SEO #WebsiteSpeed #DigitalMarketing #GraphicDesign #Productivity,https://fastimgtool.com/og-image.png
image-compressor-guide-5.html,Best Image Compression Settings: The Ultimate Guide,Stop slow websites & huge files! Our step-by-step guide reveals the perfect image compression settings for speed & quality. Try our free tool! #ImageCompression #WebOptimization #WebsiteSpeed #SEO #DigitalMarketing #BloggingTips #FreeTool,https://fastimgtool.com/og-image.png
image-contrast-guide-1.html,Master Image Blurring: The Ultimate Step-by-Step Guide,"Learn how to blur an image for focus, privacy, or artistic effects. Our simple guide makes professional editing fast and easy. #HowToBlurAnImage #PhotoEditingTips #BlurBackground #ImageEditing #PhotoTutorial #DIYEditing #VisualStorytelling",https://fastimgtool.com/og-image.png
image-contrast-guide-2.html,Sharpen Blurry Photos Online: The Complete Guide,Frustrated by blurry photos? Learn how to sharpen images online like a pro with our step-by-step guide. Rescue your shots and make every image crisp! #SharpenImage #PhotoEditing #BlurryPhotos #ImageContrast #PhotoTips #DigitalMarketing #ContentCreation,https://fastimgtool.com/og-image.png
image-contrast-guide-3.html,How to Convert an Image to Grayscale Like a Pro,"Learn the art of black & white! Our step-by-step guide shows you how to convert images to grayscale for stunning, timeless photos that highlight texture and emotion. #Grayscale #BlackAndWhitePhotography #PhotoEditing #ImageConverter #PhotoTips #DigitalArt #Tutorial",https://fastimgtool.com/og-image.png
image-contrast-guide-4.html,How to Invert Image Colors: A Creative & Pro Guide,"Unlock hidden details & create stunning art by inverting image colors! Our easy step-by-step guide uses a free tool for instant, professional results. #graphicdesign #photography #creativetips #digitalart #accesibility #designtutorial #imageediting",https://fastimgtool.com/og-image.png
image-contrast-guide-5.html,How to Add Sepia Tone to an Image Perfectly,"Master the art of vintage elegance! Our definitive guide shows you how to add a professional sepia tone with depth and emotion, not just a basic filter. #sepiatone #vintagephoto #photoeffects #phototips #photoediting #nostalgia #imagecontrast",https://fastimgtool.com/og-image.png
image-crop-guide-1.html,How to Crop Images Online: A Complete Guide,Learn to crop images like a pro! Our step-by-step guide covers everything from basic edits to advanced composition tips. Use our free tool to perfect your photos. #ImageEditing #CropImage #PhotoTips #DigitalMarketing #SocialMediaTips #GraphicDesign #HowToGuide,https://fastimgtool.com/og-image.png
image-crop-guide-2.html,How to Rotate an Image Perfectly | Complete Guide,"Master image rotation with our step-by-step guide! Learn the why and how using Image Crop, plus pro tips for flawless edits every time. #imagerotation #phototips #imageediting #howtoedit #graphicdesign #digitalmarketing #tutorial",https://fastimgtool.com/og-image.png
image-crop-guide-3.html,"How to Flip an Image Horizontally: A Simple, Free Guide",Unlock creative effects & fix photo orientation in seconds! Our step-by-step guide makes flipping images easy and free for everyone. #PhotoEditing #PhotoTips #GraphicDesign #DIYEditing #HowToGuide #TechTips #ImageFlip,https://fastimgtool.com/og-image.png
image-crop-guide-4.html,How to Flip an Image Vertically: A Quick & Easy Guide,Unlock creative effects & fix photo orientation! Our step-by-step guide shows you how to flip any image vertically in seconds using a free online tool. #PhotoEditing #DigitalArt #GraphicDesign #HowTo #Tutorial #PhotoTips #CreativeHacks,https://fastimgtool.com/og-image.png
image-crop-guide-5.html,How to Adjust Image Brightness Like a Pro,Fix dark or washed-out photos in seconds! Our complete step-by-step guide shows you how to master brightness for perfect exposure every time. #ImageEditing #PhotoTips #Brightness #HowToEdit #PhotoTutorial #ImageCrop #PhotoHack,https://fastimgtool.com/og-image.png
image-grayscale-guide-1.html,Master Image Blur: Enhance & Protect Photos Like a Pro,"Unlock the power of blur! Our ultimate guide shows you how to create stunning portraits, protect privacy, and elevate your images. Step-by-step tutorials inside. #ImageEditing #PhotoBlur #PhotoTips #GraphicDesign #Privacy #PhotoshopTutorial #PhotoEditingGuide",https://fastimgtool.com/og-image.png
image-grayscale-guide-2.html,"How to Sharpen an Image Online for Crisp, Clear Photos","Learn to fix blurry photos fast with our free online tool! Our step-by-step guide makes image sharpening easy for bloggers, businesses, and creators. #ImageSharpening #PhotoEditingTips #FreePhotoEditor #BloggingTips #SocialMediaMarketing #GraphicDesign #PhotoHack",https://fastimgtool.com/og-image.png
image-grayscale-guide-3.html,Master Black & White: How to Convert an Image to Grayscale,"Unlock the power of monochrome! Our ultimate guide shows you why and how to convert images to grayscale for stunning, timeless results. #graphicdesign #phototips #grayscale #blackandwhitephoto #imageediting #freetools #photography",https://fastimgtool.com/og-image.png
image-grayscale-guide-4.html,Master Image Color Inversion: The Ultimate Creative Guide,"Unlock a new visual perspective! Our step-by-step guide teaches you how to invert image colors for design checks, hidden details, and stunning art. #ImageEditing #PhotoEditingTips #ColorInversion #DesignTutorial #CreativeEditing #DigitalArt #PhotoshopTutorial",https://fastimgtool.com/og-image.png
image-grayscale-guide-5.html,How to Add a Sepia Tone to Any Photo,Learn to add timeless warmth & nostalgia to your images with this easy step-by-step guide. Perfect for creating vintage-inspired art and storytelling. #SepiaTone #PhotoEditing #VintagePhotos #PhotoTutorial #Nostalgia #DigitalArt #FreePhotoTool,https://fastimgtool.com/og-image.png
image-invert-guide-1.html,How to Blur an Image: A Complete Step-by-Step Guide,"Master the art of blurring for focus, privacy & style! Our easy guide shows you exactly how to professionally blur any image for free. #ImageEditing #PhotoTips #HowToEdit #BlurImage #PhotoTutorial #DigitalArt #GraphicDesign",https://fastimgtool.com/og-image.png
image-invert-guide-2.html,Sharpen Blurry Photos Online for Free | Easy Guide,"Fix soft, blurry images in minutes with our free online guide. Learn step-by-step how to enhance photo clarity and create professional-looking visuals. #SharpenImage #PhotoEditing #FreeTools #ImageInvert #PhotoTips #BloggerTips #DigitalMarketing",https://fastimgtool.com/og-image.png
image-invert-guide-3.html,Master Grayscale: The Definitive Guide to B&W Images,"Transform your photos with the power of black & white! Our ultimate guide shows you why and exactly how to convert images to grayscale for stunning, emotive results. #grayscale #blackandwhitephotography #phototips #imageediting #photographyguide #creativeediting #tutorial",https://fastimgtool.com/og-image.png
image-invert-guide-4.html,How to Invert Image Colors: A Complete Creative Guide,"Master color inversion to reveal hidden details & boost creativity! Our step-by-step guide shows you exactly how, using a free online tool. #graphicdesign #imagetips #colorinvert #photography #designhack #creativetips #editingtutorial",https://fastimgtool.com/og-image.png
image-invert-guide-5.html,How to Add Sepia Tone to Any Image,"Learn to add a classic, nostalgic sepia filter to your photos with our easy step-by-step guide. Perfect for creating vintage vibes and timeless art! #sepiatone #vintagephoto #phototips #photoediting #nostalgia #photography #freeedittool",https://fastimgtool.com/og-image.png
image-resizer-guide-1.html,The Ultimate Guide to Resizing Images for Instagram (2024),"Stop letting Instagram ruin your photos! Our step-by-step guide shows you the exact dimensions, tools, and pro tips to make your feed flawless. #InstagramTips #SocialMediaMarketing #ImageResizing #InstagramGuide #ContentCreation #DigitalMarketing #GraphicDesign",https://fastimgtool.com/og-image.png
image-resizer-guide-2.html,How to Resize an Image for a Facebook Cover Photo,Don't let a pixelated or cropped cover photo hurt your profile! Our ultimate guide shows you the exact dimensions and how to resize for free. Get a professional look on desktop and mobile in minutes. #FacebookCoverPhoto #SocialMediaTips #GraphicDesign #FacebookMarketing #ResizeImage #DigitalMarketing #Branding,https://fastimgtool.com/og-image.png
image-resizer-guide-3.html,How to Resize a YouTube Thumbnail (Free Tool + Guide),Stop using blurry thumbnails! Our ultimate guide shows you the exact size needed and how to resize images perfectly for maximum clicks. #YouTubeTips #ThumbnailDesign #YouTubeGrowth #ContentCreator #DigitalMarketing #VideoMarketing #SocialMediaTips,https://fastimgtool.com/og-image.png
image-resizer-guide-4.html,How to Resize Images for Email (Fast & Easy 2024 Guide),Stop email bounce-backs! Our ultimate guide shows you the exact steps to resize images for perfect email delivery and quality. Save time and avoid frustration. #EmailMarketing #ProductivityTips #HowToGuide #ImageResizing #TechTips #DigitalMarketing #EmailAttachments,https://fastimgtool.com/og-image.png
image-resizer-guide-5.html,How to Resize an Image Without Losing Quality,"Stop pixelated photos! Our ultimate guide shows you the best tools and techniques to resize any image perfectly. Get crisp, clear results every time. #ImageResizing #PhotoEditingTips #GraphicDesign #DigitalMarketing #SocialMediaTips #HowToGuide #TechTips",https://fastimgtool.com/og-image.png
image-saturation-guide-1.html,How to Blur an Image: The Ultimate 2024 Guide,"Master blur effects for stunning photos & privacy! Our complete guide shows you why and how to blur backgrounds, hide info, and create pro edits. #ImageEditing #PhotoBlur #PhotoTips #DigitalArt #PrivacyTips #BlurEffect #Tutorial",https://fastimgtool.com/og-image.png
image-saturation-guide-2.html,How to Sharpen a Blurry Image Online for Free,Rescue soft photos fast! Our step-by-step guide shows you how to sharpen images online for crystal-clear results. #ImageSharpening #PhotoEditingTips #SharpenImage #FixBlurryPhotos #PhotoTutorial #ImageSaturation #DigitalPhotography,https://fastimgtool.com/og-image.png
image-saturation-guide-3.html,How to Convert an Image to Grayscale: A Simple Step-by-Step Guide,Learn the easy way to create stunning black & white photos. Our complete guide shows you why and how to master grayscale conversion for more dramatic images. #Grayscale #BlackAndWhite #PhotoEditing #ImageConverter #PhotographyTips #Tutorial #DigitalArt,https://fastimgtool.com/og-image.png
image-saturation-guide-4.html,How to Invert Image Colors for Stunning Visuals,Unlock a hidden world in your photos! Our step-by-step guide shows you how to invert colors to create surreal art and eye-catching content in one click. #InvertColors #PhotoEditing #DigitalArt #GraphicDesign #CreativeTips #FreeTool #VisualContent,https://fastimgtool.com/og-image.png
image-saturation-guide-5.html,"How to Add Sepia Tone to an Image: Easy, Timeless Effect","Learn to add a beautiful, nostalgic sepia tone to any photo in seconds with our free tool! Our complete guide makes this classic edit simple. #SepiaTone #VintagePhoto #PhotoEditing #Nostalgia #PhotoTips #DIYEdit #ImageSaturation",https://fastimgtool.com/og-image.png
image-sepia-guide-1.html,"Master Image Blur: A Simple, Free Guide","Learn how to blur an image for privacy or artistry with this easy step-by-step guide. Create stunning, professional edits in seconds using a free tool! #PhotoEditing #BlurImage #ImageSepia #PhotoTips #DigitalArt #GraphicDesign #Tutorial",https://fastimgtool.com/og-image.png
image-sepia-guide-2.html,Sharpen Image Online for Free: Ultimate Guide,"Tired of blurry photos? Learn how to sharpen any image online for free with our easy step-by-step guide. Get crisp, professional-looking photos in minutes! #SharpenImage #PhotoEditing #FreeTools #DigitalMarketing #GraphicDesign #PhotoTips #Tutorial",https://fastimgtool.com/og-image.png
image-sepia-guide-3.html,Master Grayscale: Convert Images to B&W in Seconds,"Unlock the power of black & white! Our step-by-step guide shows you why and how to convert images to stunning grayscale. Achieve perfect results with our free, easy-to-use online tool. #grayscale #blackandwhitephoto #phototips #imageediting #freetools #photographyguide #creativeediting",https://fastimgtool.com/og-image.png
image-sepia-guide-4.html,How to Invert Image Colors for Stunning Effects,Transform your photos into artistic negatives in seconds! Our easy step-by-step guide shows you how to use color inversion for creative and professional projects. #InvertColors #PhotoEditing #ImageSepia #DigitalArt #PhotoNegative #EditingTips #CreativePhotos,https://fastimgtool.com/og-image.png
image-sepia-guide-5.html,How to Add Sepia Tone to an Image (Easy 2024 Guide),"Learn to add a beautiful sepia tone for that perfect vintage look! Our step-by-step guide covers online tools, manual editing, and pro tips. #SepiaTone #VintagePhotos #PhotoEditing #PhotoTips #DigitalArt #Nostalgia #Tutorial",https://fastimgtool.com/og-image.png
image-sharpen-guide-1.html,How to Apply Blur to an Image Like a Pro,"Master the art of blurring! Our step-by-step guide shows you how to apply blur to image files for professional focus, depth, and style. Transform your photos with this essential editing skill. #ImageEditing #PhotoBlur #PhotoTips #GraphicDesign #DIYEditing #PhotoshopTips #ProfessionalPhotos",https://fastimgtool.com/og-image.png
image-sharpen-guide-2.html,How to Sharpen a Blurry Photo Online for Free,"Fix soft, blurry images in seconds with our free online tool! This ultimate guide shows you exactly when and how to sharpen photos for crisp, professional results. #sharpenimage #phototips #imageediting #freetools #bloggertips #digitalmarketing #photography",https://fastimgtool.com/og-image.png
image-sharpen-guide-3.html,Master the Art: How to Convert Image to Grayscale,"Unlock the power of black & white! Our definitive guide teaches you why and how to convert image to grayscale for stunning, timeless results. Step-by-step tutorials inside. #Grayscale #BlackAndWhite #PhotoEditing #PhotographyTips #ImageConversion #CreativeEditing #Tutorial",https://fastimgtool.com/og-image.png
image-sharpen-guide-4.html,How to Invert Image Colors for Creative Effects,"Unlock a new world of creativity! Our easy guide shows you how to invert image colors for stunning artistic effects, better accessibility, and unique designs. #graphicdesign #photography #creativetips #colortheory #imageediting #designhacks #freetools",https://fastimgtool.com/og-image.png
image-sharpen-guide-5.html,How to Add a Sepia Tone to Any Image | Complete Guide,Master the vintage sepia effect! Our step-by-step guide teaches you how to add timeless warmth and nostalgia to your photos. Perfect for restoring old pictures or creating classic art. #SepiaTone #PhotoEditing #VintagePhotos #PhotoTutorial #RetroEffect #PhotoTips #DigitalArt,https://fastimgtool.com/og-image.png
image-to-base64-guide-1.html,JPG to PNG Guide: Keep Quality & Add Transparency,"Stop losing image quality! Our ultimate guide shows you exactly how to convert JPG to PNG to preserve details and unlock transparent backgrounds. Perfect for logos, graphics, and web design. #JPGtoPNG #ImageConversion #GraphicDesignTips #TransparentBackground #WebDesign #DigitalMarketing #PhotoEditing",https://fastimgtool.com/og-image.png
image-to-base64-guide-2.html,PNG to JPG: The Complete Guide to Optimize Images,Stop slow websites! Learn how to convert PNG to JPG for faster load times and better SEO. Our step-by-step guide shows you the best tools and tips. #PNGtoJPG #ImageOptimization #WebPerformance #SEOTips #DigitalMarketing #BloggingTips #WebsiteSpeed,https://fastimgtool.com/og-image.png
image-to-base64-guide-3.html,WebP to JPG: The Ultimate Guide for Universal Compatibility,"Stop struggling with incompatible WebP files! Our complete guide shows you exactly how to convert them to JPG for any project. Easy steps, pro tips, and a free tool inside. #WebPtoJPG #ImageConverter #GraphicDesignTips #Compatibility #DigitalMarketing #HowToGuide #FreeTool",https://fastimgtool.com/og-image.png
image-to-base64-guide-4.html,Stuck with HEIC? Convert iPhone Photos to JPG in Seconds!,Our free guide shows you exactly how to convert HEIC to JPG for easy sharing on any device or website. Learn the fastest methods and fix compatibility issues for good! #HEICtoJPG #iPhoneTips #PhotoConversion #TechHowTo #DigitalPhotography #WindowsPC #FreeTool,https://fastimgtool.com/og-image.png
image-to-base64-guide-5.html,How to Convert an Image to Base64: A Developer's Guide,"Simplify your workflow! Learn how to convert images to Base64 text for use in HTML, CSS, and JSON. Our guide covers the why, how, and best practices. #Base64 #WebDevelopment #WebDesign #CodingTips #FrontEnd #DeveloperTools #HTML",https://fastimgtool.com/og-image.png
image-to-webp-guide-1.html,How to Convert JPG to PNG for Flawless Graphics,Stop blurry logos & graphics! Our ultimate guide shows you exactly how and why to convert JPG to PNG for perfect quality. Easy steps & pro tips inside. #JPGtoPNG #ImageConversion #GraphicDesign #LogoDesign #PNGvsJPG #DigitalMarketing #WebDesignTips,https://fastimgtool.com/og-image.png
image-to-webp-guide-2.html,PNG to JPG: Optimize Images for Faster Websites,Speed up your site and fix email bounce-backs! Learn how to convert PNG to JPG the right way with our free tool and expert tips. #PNGtoJPG #ImageOptimization #WebSpeed #DigitalMarketing #BloggingTips #FreeTools #WebsiteSEO,https://fastimgtool.com/og-image.png
image-to-webp-guide-3.html,"How to Convert WebP to JPG: The Simple, Complete Guide",Stuck with an incompatible WebP image? Our step-by-step guide shows you exactly how to convert WebP to JPG for universal compatibility. Learn the best free tools and tips to maintain quality! #WebPtoJPG #ImageConversion #FileFormat #TechTips #PhotoEditing #HowToGuide #DigitalMarketing,https://fastimgtool.com/og-image.png
image-to-webp-guide-4.html,How to Convert HEIC to JPG for Universal Compatibility,Struggling with HEIC files from your iPhone? Our ultimate guide shows you the easiest step-by-step methods to convert HEIC to JPG for sharing anywhere. #HEICtoJPG #iPhoneTips #PhotoConversion #TechGuide #HowTo #WindowsTips #FileFormat,https://fastimgtool.com/og-image.png
image-to-webp-guide-5.html,Convert Images to Base64: The Ultimate Guide,Stop managing image files! Learn how to encode images to Base64 text for websites and emails with our easy guide and free tool. #Base64 #WebDevelopment #CodingTips #WebDesign #ImageOptimization #HTML #TechTutorial,https://fastimgtool.com/og-image.png
jpg-to-png-guide-1.html,How to Convert JPG to PNG: 2024 Guide & Tips,Stop losing image quality! Our complete guide shows you exactly how and why to convert JPG to PNG for crisp logos and graphics. Step-by-step instructions for perfect results every time. #JPGtoPNG #ImageConversion #GraphicDesignTips #DigitalMarketing #PhotoEditing #TechHowTo #WebsiteDesign,https://fastimgtool.com/og-image.png
jpg-to-png-guide-2.html,PNG to JPG: The Ultimate Conversion Guide for Speed & Quality,"Stop struggling with large files! Our step-by-step guide shows you how to convert PNG to JPG for better speed, storage, and compatibility. Save this pin for the best tools and expert tips! #PNGtoJPG #ImageConversion #FileFormat #DigitalMarketing #GraphicDesign #TechTips #Productivity",https://fastimgtool.com/og-image.png
jpg-to-png-guide-3.html,How to Convert WEBP to JPG for Universal Compatibility,"Struggling with WEBP files? Our ultimate guide shows you the fastest ways to convert WEBP to JPG for editing, sharing, and posting. Get universal image compatibility in seconds! #WEBPtoJPG #ImageConverter #GraphicDesignTips #DigitalMarketing #TechHowTo #FreeTools #SocialMediaTips",https://fastimgtool.com/og-image.png
jpg-to-png-guide-4.html,Stuck with HEIC? Convert to JPG for Universal Access,Can't open iPhone photos on your PC? Our complete guide shows you exactly how to convert HEIC to JPG. Get step-by-step methods for seamless sharing and editing. #HEICtoJPG #ConvertHEIC #iPhoneTips #PhotoEditing #TechHowTo #WindowsTips #FileConversion,https://fastimgtool.com/og-image.png
jpg-to-png-guide-5.html,Convert Image to Base64 Instantly: The Ultimate Guide,Learn how to embed images directly into your code for faster websites! Our step-by-step guide makes converting images to Base64 effortless. #WebDevelopment #CodingTips #Base64 #ImageOptimization #WebDesign #TechTips #HTML,https://fastimgtool.com/og-image.png
png-to-jpg-guide-1.html,How to Convert JPG to PNG for Flawless Images,Stop losing image quality! Our ultimate guide shows you exactly how to convert JPG to PNG for crisp logos and perfect graphics. Get step-by-step instructions and expert tips. #JPGtoPNG #ImageConversion #GraphicDesignTips #DigitalMarketing #PhotoEditing #PNGvsJPG #Tutorial,https://fastimgtool.com/og-image.png
png-to-jpg-guide-2.html,How to Convert PNG to JPG Fast & Free | 2024 Guide,Stop struggling with large files! Our ultimate guide shows you the easiest ways to convert PNG to JPG without losing quality. Learn step-by-step methods and use our free tool. #PNGtoJPG #ImageConverter #FileFormat #DigitalTips #GraphicDesign #FreeTools #HowToGuide,https://fastimgtool.com/og-image.png
png-to-jpg-guide-3.html,Convert WebP to JPG Easily: Your 2024 Guide,"Stuck with a WebP file? Our complete guide shows you why and how to convert it to JPG for universal compatibility. Use our free online tool for a fast, secure conversion in seconds! #WebPtoJPG #ImageConverter #FileFormat #TechTips #DigitalMarketing #GraphicDesign #HowToGuide",https://fastimgtool.com/og-image.png
png-to-jpg-guide-4.html,How to Convert HEIC to JPG Easily (Free Tool Guide),"Stuck with HEIC files from your iPhone? Our ultimate guide shows you the easiest way to convert HEIC to JPG for free. Get full compatibility for Windows, websites, and social media in seconds! #HEICtoJPG #PhotoConverter #iPhoneTips #TechHowTo #DigitalLife #FreeTool #PhotoEditing",https://fastimgtool.com/og-image.png
png-to-jpg-guide-5.html,How to Convert an Image to Base64: A Developer's Guide,Stop broken image links & speed up your site! Learn to convert any image to a Base64 string with our free tool & step-by-step guide. Perfect for web dev & design. #Base64 #WebDevelopment #WebDesign #CodingTips #FrontEnd #DeveloperTools #HTML,https://fastimgtool.com/og-image.png
png-to-webp-guide-1.html,Convert JPG to PNG: The Complete Guide for Perfect Images,Stop dealing with blurry logos and awkward backgrounds! Our step-by-step guide shows you how to easily convert JPG to PNG for crisp text and transparent images. #JPGtoPNG #ImageEditing #GraphicDesignTips #DigitalMarketing #TransparentBackground #PhotoTips #TechHowTo,https://fastimgtool.com/og-image.png
png-to-webp-guide-2.html,PNG to JPG: The Ultimate 2024 Conversion Guide,Stop struggling with large files! Learn the fastest ways to convert PNG to JPG for smaller size & better web compatibility. Full guide with free tools & pro tips inside. #PNGtoJPG #ImageConversion #GraphicDesignTips #FileOptimization #WebDesign #DigitalMarketing #TechHowTo,https://fastimgtool.com/og-image.png
png-to-webp-guide-3.html,How to Convert WebP to JPG Easily (2024 Guide),"Stuck with a WebP file? Our ultimate guide shows you how to convert WebP to JPG in seconds using a free tool and other simple methods. Fix compatibility issues for social media, printing, and editing! #WebPtoJPG #ImageConverter #TechTips #DigitalTools #HowToGuide #FileConversion #PhotoEditing",https://fastimgtool.com/og-image.png
png-to-webp-guide-4.html,Stuck with HEIC Files? Convert to JPG in Seconds!,"Our complete guide shows you exactly why and how to convert HEIC to JPG for universal compatibility. Get easy, step-by-step instructions using our free online tool. #HEICtoJPG #ConvertHEIC #iPhoneTips #PhotoEditing #TechHowTo #WindowsHelp #FileConversion",https://fastimgtool.com/og-image.png
png-to-webp-guide-5.html,How to Convert an Image to Base64 (Fast & Easy!),Speed up your website! Learn how to embed images directly into your code with Base64 encoding. Our step-by-step guide makes it simple. #WebDevelopment #CodingTips #Base64 #ImageOptimization #WebPerformance #FrontEnd #WebDesign,https://fastimgtool.com/og-image.png
resize-image-for-email.html,How to Resize an Image for Email (Easy Guide),Stop emails from bouncing! Learn how to quickly resize images for any email client with our simple step-by-step guide. Perfect results every time. #EmailMarketing #DigitalMarketing #TechTips #Productivity #HowTo #ResizeImage #EmailDesign,https://fastimgtool.com/og-image.png
resize-image-for-facebook-cover.html,How to Resize Your Facebook Cover Photo Perfectly,Don't let a blurry or cropped cover photo hurt your profile! Our step-by-step guide shows you how to resize any image for a flawless look on desktop and mobile. #FacebookTips #CoverPhoto #SocialMediaMarketing #GraphicDesign #DigitalMarketing #FacebookBusiness #ProfileOptimization,https://fastimgtool.com/og-image.png
resize-image-for-instagram.html,How to Resize Images for Instagram: A Perfect Post Guide,"Stop awkward cropping & pixelated posts! Our ultimate guide shows you the exact dimensions and easy tools for perfect Instagram Feed, Story, and Reel images every time. #InstagramTips #SocialMediaMarketing #ImageResizing #InstagramGuide #ContentCreation #DigitalMarketing #GraphicDesign",https://fastimgtool.com/og-image.png
resize-image-for-youtube-thumbnail.html,How to Resize a YouTube Thumbnail for MAX Clicks (Ultimate Guide),"Stop guessing at thumbnail sizes! Our ultimate guide gives you the exact dimensions, step-by-step editing for any tool, and pro design secrets to make your thumbnails click-worthy. #YouTubeTips #ThumbnailDesign #YouTubeGrowth #ContentCreator #VideoMarketing #DigitalMarketing #SocialMediaTips",https://fastimgtool.com/og-image.png
resize-image-online.html,How to Convert PDF to Word in 2024 (Easy Guide),"Stop feeling stuck with uneditable files! Our complete guide shows you the fastest, most reliable ways to convert any PDF to a fully editable Word document. Unlock your documents for easy editing and collaboration today. #PDFtoWord #MicrosoftWord #ProductivityTips #TechHowTo #DocumentEditing #WorkflowHacks #OfficeTips",https://fastimgtool.com/og-image.png
rotate-image-180-degrees.html,How to Rotate an Image 180°: A Simple Guide for Creators,Flip your photos upside down for creative effects or quick fixes! Our step-by-step guide shows you the easiest methods using online tools and software. #graphicdesign #phototips #imagerotation #digitalart #photoediting #creativetips #tutorial,https://fastimgtool.com/og-image.png
rotate-image-90-degrees.html,How to Convert Landscape to Portrait: A Flawless Guide,"Master the art of reshaping your images! Our ultimate guide shows you step-by-step techniques and tools to convert landscape to portrait for social media, print, and more. #photographytips #imageediting #socialmediamarketing #digitalmarketing #graphicdesign #contentcreation #photography",https://fastimgtool.com/og-image.png
rotate-image-counterclockwise.html,How to Rotate an Image 270 Degrees Perfectly,"Master precise image rotation! Our ultimate guide shows you step-by-step methods to rotate images 270° for a flawless, professional finish. #ImageRotation #PhotoEditing #GraphicDesign #HowToGuide #DigitalArt #TechTips #PhotoTips",https://fastimgtool.com/og-image.png
rotate-image-for-social-media.html,How to Rotate an Image: Fix Sideways Photos Fast,"Stop posting sideways photos! Our ultimate guide shows you how to rotate an image perfectly for social media, documents, and more. Simple steps + a free tool! #RotateImage #PhotoTips #PhotoEditing #SocialMediaTips #HowToGuide #TechHacks #DigitalSkills",https://fastimgtool.com/og-image.png
rotate-image-guide-1.html,How to Crop Images Online Like a Pro | Free Guide,Master the art of cropping to transform your photos! Our ultimate guide shows you why and how to crop for perfect composition. #ImageCropping #PhotoEditing #DigitalMarketing #SocialMediaTips #GraphicDesign #CropImageOnline #FreeTools,https://fastimgtool.com/og-image.png
rotate-image-guide-2.html,How to Rotate an Image: The Complete Guide,Stop struggling with sideways photos! Our step-by-step guide shows you how to rotate an image perfectly on any device. Get pro tips for flawless edits every time. #RotateImage #PhotoEditingTips #HowToGuide #DigitalDesign #TechTutorial #PhotoFix #PinterestGuide,https://fastimgtool.com/og-image.png
rotate-image-guide-3.html,Flip Images Horizontally: The Ultimate Guide,Unlock creative compositions & fix photo mistakes! Our step-by-step guide shows you how to flip any image with a free tool. Perfect for designers & content creators. #flipimage #phototips #graphicdesign #photoediting #freetools #digitalart #howtoguide,https://fastimgtool.com/og-image.png
rotate-image-guide-4.html,How to Flip an Image Vertically (Free & Easy!),"Learn to flip or mirror any image in seconds with our free online tool! Perfect for fixing photos, creating designs, and unlocking creativity. #imageflip #phototips #graphicdesign #freetools #digitalart #editinghack #howto",https://fastimgtool.com/og-image.png
rotate-image-guide-5.html,How to Adjust Image Brightness: The Ultimate Guide,Is your photo too dark or too bright? Learn how to fix image brightness like a pro with our step-by-step tutorial. Enhance any photo in minutes! #ImageEditing #PhotoTips #BrightnessFix #PhotoTutorial #EditPhotos #PinterestGuide #DigitalMarketing,https://fastimgtool.com/og-image.png
sharpen-blurry-photos.html,How to Sharpen a Photo: Fix Blurry Images in Minutes,"Learn professional sharpening techniques to fix blurry photos and enhance detail. Our step-by-step guide shows you how to get crisp, clear images without artifacts. #PhotoSharpening #PhotoEditingTips #FixBlurryPhotos #PhotoshopTutorial #PhotographyTips #ImageSharpening #CrispPhotos",https://fastimgtool.com/og-image.png
sharpen-image-for-print.html,Get Crisp Prints: The Ultimate Image Sharpening Guide,"Stop blurry prints! Our step-by-step guide shows you exactly how to sharpen images for professional, crisp results every time. Includes a free tool! #printsharpening #phototips #imageediting #printquality #graphicdesign #photography #howto",https://fastimgtool.com/og-image.png
sharpen-image-for-social-media.html,Your Ultimate Guide to Image Sharpening (From Fuzzy to Fantastic!),"Learn how to sharpen an image like a pro! This definitive guide covers step-by-step tutorials, tools, and why sharp photos are essential for standing out. #ImageSharpening #PhotoEditingTips #PhotoshopTutorial #SharpenImage #GraphicDesign #DigitalPhoto #PhotoRetouching",https://fastimgtool.com/og-image.png
test-tool-guide-1.html,Master Test Tool: The 2024 Step-by-Step Guide,Stop struggling with complex testing! Our complete guide shows you exactly how to use Test Tool to get reliable results and optimize your workflow. Save this pin to master it in 2024! #TestTool #HowToGuide #DataAnalysis #WorkflowTips #TechTutorial #ProductivityHacks #SoftwareGuide,https://fastimgtool.com/og-image.png
test-tool-guide-2.html,Master Test Tool: The Definitive Guide to Tips & Tricks,"Unlock the full potential of Test Tool! Our step-by-step guide reveals pro tips, advanced features, and workflow hacks to save you time. #TestTool #ProductivityTips #WorkflowHacks #DigitalTools #HowToGuide #TechTips #Efficiency",https://fastimgtool.com/og-image.png
test-tool-guide-3.html,Master the Test Tool: Avoid These 5 Costly Mistakes,Stop wasting time on testing errors! Our guide reveals the top 5 user mistakes and step-by-step fixes to transform your workflow. Start testing like a pro and get flawless results. #TestTool #TestingTips #QA #WorkflowHacks #SoftwareTesting #TechTips #Efficiency,https://fastimgtool.com/og-image.png
test-tool-guide-4.html,Test Tool Best Practices: Your Ultimate Guide 🚀,"Unlock your tool's full potential! Our step-by-step guide shows you how to save time, reduce errors, and master your workflow. #TestTool #BestPractices #WorkflowTips #SoftwareTesting #QA #Productivity #TechGuide",https://fastimgtool.com/og-image.png
test-tool-guide-5.html,Master the Test Tool: Your Ultimate File Analysis Guide,Stop guessing if your files will work. Our definitive guide shows you exactly how to use the Test Tool to analyze files for errors & compatibility. Save time and avoid headaches! #TestTool #FileAnalysis #DigitalWorkflow #TechTips #ProductivityHacks #FileCompatibility #HowToGuide,https://fastimgtool.com/og-image.png
tiff-to-jpg-guide-1.html,How to Convert JPG to PNG for Flawless Images,"Stop losing image quality! Learn the easiest ways to convert JPG to PNG with our free tool and expert guide. Perfect for logos, graphics, and professional projects. #JPGtoPNG #ImageConverter #GraphicDesignTips #DigitalMarketing #FreeTool #PhotoEditing #PNGvsJPG",https://fastimgtool.com/og-image.png
tiff-to-jpg-guide-2.html,PNG to JPG: Optimize Images for Web & Storage,Learn to convert PNG to JPG quickly! Our step-by-step guide shows you how to reduce file size for faster websites and save storage space. #PNGtoJPG #ImageOptimization #WebDesignTips #FileConversion #DigitalMarketing #HowToGuide #TechTips,https://fastimgtool.com/og-image.png
tiff-to-jpg-guide-3.html,How to Convert WebP to JPG in Seconds (Free Tool!),"Stuck with a .webp file? Our ultimate guide shows you the fastest, easiest way to convert WebP to JPG for free. Get step-by-step instructions and pro tips for 2024! #WebPtoJPG #ImageConverter #FreeTool #TechTips #DigitalMarketing #HowToGuide #ProductivityHacks",https://fastimgtool.com/og-image.png
tiff-to-jpg-guide-4.html,Can't Open iPhone Photos? Convert HEIC to JPG Easily,Stop struggling with incompatible HEIC files! Our complete guide shows you how to convert HEIC to JPG on any device for universal sharing. Step-by-step instructions & pro tips inside. #HEICtoJPG #iPhoneTips #PhotoConversion #TechHowTo #JPGFormat #DigitalPhotos #TechGuide,https://fastimgtool.com/og-image.png
tiff-to-jpg-guide-5.html,How to Convert Images to Base64 for Web | Ultimate Guide,Learn to embed images directly in your HTML & CSS code with Base64 encoding. Our step-by-step guide speeds up your site and simplifies image management! #Base64 #WebDevelopment #HTML #CSS #WebDesign #CodingTips #ImageOptimization,https://fastimgtool.com/og-image.png
unsharp-mask-explained.html,"Unsharp Mask: The Secret to Crisp, Clear Photos",Master the Unsharp Mask filter! This essential guide explains what it is and gives you step-by-step instructions for perfect sharpening in any editing software. #photographytips #photoediting #unsharpmask #sharpenphotos #phototutorial #photoshop #lightroom,https://fastimgtool.com/og-image.png
webp-to-jpg-guide-1.html,How to Convert JPG to PNG Perfectly | Free & Easy Guide,Stop losing quality! Learn the easiest ways to convert JPG to PNG for crisp logos and transparent backgrounds. Our step-by-step guide and free tool guarantee perfect results. #JPGtoPNG #ImageConverter #GraphicDesignTips #DigitalMarketing #PhotoEditing #TechHowTo #PNGvsJPG,https://fastimgtool.com/og-image.png
webp-to-jpg-guide-2.html,PNG to JPG: The Complete Guide to Convert & Save Space,Stop struggling with large files! Learn how to convert PNG to JPG to boost website speed and compatibility. Our step-by-step guide covers the best free tools and pro tips. #PNGtoJPG #ImageConversion #FileSize #WebOptimization #DigitalMarketing #GraphicDesign #TechTips,https://fastimgtool.com/og-image.png
webp-to-jpg-guide-3.html,Convert WEBP to JPG: Free Guide for Universal Compatibility,Struggling with unsupported WEBP files? Our ultimate guide shows you exactly how to convert WEBP to JPG quickly for any project. Get step-by-step instructions using our free online tool! #WEBPtoJPG #ImageConverter #FileFormat #DigitalTips #GraphicDesign #HowToGuide #TechHacks,https://fastimgtool.com/og-image.png
webp-to-jpg-guide-4.html,How to Convert HEIC to JPG Fast & Free (2024 Guide),"Struggling with HEIC files from your iPhone? Our ultimate guide shows you how to convert HEIC to JPG quickly using our secure, free online tool. Say goodbye to compatibility issues! #HEICtoJPG #ConvertHEIC #iPhoneTips #PhotoEditing #TechGuide #FileConversion #DigitalPhotography",https://fastimgtool.com/og-image.png
webp-to-jpg-guide-5.html,Convert Images to Base64: The Ultimate Guide,"Simplify your web projects! Learn how to embed images directly into code with Base64 encoding. Our step-by-step guide covers benefits, use cases, and a handy tool. #Base64 #WebDevelopment #CodingTips #ImageOptimization #HTML #CSS #WebDesign",https://fastimgtool.com/og-image.png
webp-vs-jpg-which-is-better.html,WebP vs JPG: The 2024 Guide to Faster Images,"Stop guessing which image format to use! Our complete guide reveals the winner for site speed, SEO, and how to implement it. #WebP #JPG #ImageOptimization #SiteSpeed #SEO #WebPerformance #WebDesign",https://fastimgtool.com/og-image.png
why-use-grayscale-images.html,Master Grayscale: The Ultimate Guide to Black & White Images,"Unlock the power of monochrome! Learn professional techniques to convert any image to stunning grayscale. Discover why, when, and how to use B&W for maximum impact. #Grayscale #BlackAndWhite #PhotoEditing #Monochrome #DesignTips #ImageConversion #CreativeGuide",https://fastimgtool.com/og-image.png
